P_max,OmegaA,OmegaB,t_max,Mu,Gamma_e,delta_a,delta_f,number_of_fails,mp.dps,ComputTime
0.646979196679523,0.0145410619131153,1.45185562008546,101.152214950309,100.139629397183,0.01,0,0,0,30,437.527126073837
0.0455660031077145,0.490756666721273,1.54955324401359,6.11167379629466,5.1457677106091,0.01,0.5,0,1,30,2561.70009183884
0.0219962116285277,0.956805451205608,1.83521625952304,3.51299526282167,2.66706091719163,0.01,1,0,0,30,1617.65419650078
0.0130364428347831,1.0808280144914,1.08080536818579,1.56017036914012,0,0.01,1.5,0,0,30,1634.81616950035
0.00964326277526029,1.35869614814909,1.35873041284714,1.30932843195758,0,0.01,2,0,0,30,1781.66545772553
0.00744483044303006,1.63164269352224,1.63160671165848,1.13508844262416,4.29059737444474E-05,0.01,2.5,0,0,30,1699.95634007454
0.00593295080970244,1.90122458189541,1.90126355956341,1.0055758580799,0,0.01,3,0,0,30,1712.7254858017
0.00484572501675053,2.16855746064419,2.16862899318516,0.904916518272961,4.68731672627439E-06,0.01,3.5,0,0,30,2239.21383953095
0.00403618396661922,2.43425074958537,2.43425780596086,0.824062534955245,0,0.01,4,0,0,30,2417.84530639648
0.00341632235429554,2.69859681065596,2.69857745055417,0.757503511638756,0,0.01,4.5,0,0,30,2350.86878728867
0.00293067110361066,2.96195638720357,2.96191405849795,0.701601966801976,0,0.01,5,0,0,30,3385.09942865372
0.0025427838644979,3.22444422679413,3.22448194107632,0.653916695674324,0,0.01,5.5,0,0,30,3509.2077832222
0.00222787331826225,3.48631740051701,3.48633739031724,0.612699966855841,7.72073922398401E-06,0.01,6,0,0,30,3664.57831263542
0.00196858408446975,3.74767760590243,3.74764141169895,0.576668615232259,0,0.01,6.5,0,0,30,3384.31260251999
0.00175245826496231,4.00852139187357,4.0084821847399,0.544887312947826,0,0.01,7,0,0,30,3417.59185647965
0.0015703586543153,4.26896920816221,4.26893891294457,0.516620092345918,0,0.01,7.5,0,0,30,3771.66832232475
0.00141545605892933,4.52909776788656,4.52907688719034,0.491292604616889,0,0.01,8,0,0,30,3625.33285212517
0.00128256065735114,4.78892319097823,4.78891207262764,0.468456915418941,0,0.01,8.5,0,0,30,3749.17141532898
0.0011676696492018,5.0484949271079,5.04850679875098,0.44775801900417,0,0.01,9,0,0,30,4175.44081401825
0.00106765455898549,5.30785791300776,5.30783554175013,0.428900998287202,2.29874447854666E-06,0.01,9.5,0,0,30,4125.03180336952
0.000980040878273529,5.56703166190363,5.56705995013233,0.411639820918814,0,0.01,10,0,0,30,3649.59876298904
0.000902850069900695,5.82606086252451,5.82603104561343,0.395777644304275,0,0.01,10.5,0,0,30,3851.91816782951
0.000834484501221816,6.08486038079568,6.08490942369997,0.381146955072951,0,0.01,11,0,0,30,3941.87168049812
0.000773642443731231,6.34359400038674,6.34359859179247,0.367604431130778,0,0.01,11.5,0,0,30,4323.20244526863
0.000719254464142189,6.60219470202436,6.60220695377909,0.355032930377769,0,0.01,12,0,0,30,4213.13732171059
0.00067043525492014,6.86065259123084,6.86069809975569,0.34332790148285,0,0.01,12.5,0,0,30,4254.83692669869
0.000626446756144711,7.11904972642727,7.11910193899535,0.332401710863438,0,0.01,13,0,0,30,4041.65266132355
0.000586669635824194,7.37737185610676,7.37737055009263,0.322175182975174,8.3774683938486E-07,0.01,13.5,0,0,30,4224.58698344231
0.000550581027248673,7.63559327212054,7.63557291922414,0.312584032552802,0,0.01,14,0,0,30,4680.55642771721
0.000517736999395875,7.89372514258527,7.89375205669038,0.303567094288627,0,0.01,14.5,0,0,30,4541.77198362351
0.000487758642091721,8.15178054830165,8.15180243503393,0.295077308854748,0,0.01,15,0,0,30,4244.25664973259
0.000460320936934769,8.40978782998495,8.40985376332877,0.287064530298663,0,0.01,15.5,0,0,30,4330.88030028343
0.000435143793295067,8.66779167905422,8.66779434383872,0.27949141235262,8.29102270782289E-07,0.01,16,0,0,30,4637.31386327744
0.000411984780151691,8.92572101336119,8.92567734893701,0.272320469525497,0,0.01,16.5,0,0,30,4657.25888133049
0.00039063319622277,9.18357223295382,9.18353431768572,0.265521464122509,2.98775948465506E-07,0.01,17,0,0,30,4807.79671406746
0.000370905203514589,9.44138418577208,9.4414026123891,0.259063992464931,0,0.01,17.5,0,0,30,4552.9608976841
0.000352639811442871,9.69920119997562,9.69915788157958,0.252923730149393,0,0.01,18,0,0,30,4497.4637389183
0.000335695545532102,9.95693917097754,9.95691205744843,0.247077346213612,0,0.01,18.5,0,0,30,4580.70375657082
0.000319947670264582,10.2146335185076,10.2146495875778,0.241502787154721,1.95047032339056E-07,0.01,19,0,0,30,4342.24036169052
0.00030528586306069,10.4723136344589,10.472308591269,0.236182075681608,0,0.01,19.5,0,0,30,4519.50672411919
0.000291612257394495,10.7300033589631,10.7299600974436,0.231098352676185,0,0.01,20,0,0,30,4445.43288373947
0.000278839789495016,10.9875967176333,10.9876281021779,0.226235227374801,0,0.01,20.5,0,0,30,4269.73950457573
0.00026689079591429,11.2451871425433,11.2452128154174,0.221578054408962,0,0.01,21,0,0,30,4463.40282511711
0.000255695819307011,11.5027662848419,11.5028032741035,0.217114908114263,0,0.01,21.5,0,0,30,4144.2937810421
0.000245192587799063,11.7603075859278,11.7603578468241,0.212832603265651,0,0.01,22,0,0,30,4079.92913126946
0.000235325139645587,12.0178689504599,12.0179085091076,0.208720353304262,0,0.01,22.5,0,0,30,4396.21507191658
0.000226043069993348,12.2753626523736,12.2754139980463,0.204768527562416,0,0.01,23,0,0,30,4596.53051567078
0.000217300880633847,12.5329075972959,12.5329104004847,0.200967419068219,0,0.01,23.5,0,0,30,4585.4895606041
0.000209057416944894,12.7903592674513,12.7903775438819,0.197308893911485,0,0.01,24,0,0,30,4510.39654326439
0.00020127537889624,13.0478722983711,13.0478228258533,0.193784357183876,0,0.01,24.5,0,0,30,4466.39380669594
0.650684896314019,0.0261955785917562,1.4277754709611,56.8949345274475,55.8648788247844,0.0178,0,0,0,30,517.007358789444
0.0780755275444577,0.494301282861121,1.54615329127593,5.86129071963019,4.89120012942445,0.0178,0.5,0,0,30,2597.2056760788
0.0383905203324081,0.956506013245749,1.83373078745383,3.43697219949131,2.58995848441051,0.0178,1,0,0,30,1818.16496324539
0.0239811974692502,1.39451503028411,2.16761378278061,2.49640027884579,1.75771852183885,0.0178,1.5,0,0,30,1613.7554295063
0.0170506156088196,1.3604777781306,1.36048848352302,1.30751891581457,0,0.0178,2,0,0,30,1679.65439653397
0.0131798901046915,1.63308123561363,1.63304691244081,1.1339436943955,0,0.0178,2.5,0,0,30,1648.45572352409
0.0105123911215713,1.90245163504041,1.90239943431519,1.00484275745705,0,0.0178,3,0,0,30,1660.30379676819
0.008591382389351,2.16957952172452,2.16958747207767,0.904392232399425,0,0.0178,3.5,0,0,30,2196.53250861168
0.00715951971318618,2.43505143009508,2.43508837585265,0.823694922388933,0,0.0178,4,0,0,30,2542.47740244865
0.00606228107873387,2.69928895698549,2.69932041503397,0.757219474175131,0,0.0178,4.5,0,0,30,2534.61943984032
0.00520207891577918,2.96254845265965,2.9625166449245,0.701388529006214,0,0.0178,5,0,0,30,3194.43085622787
0.00451469643180807,3.22498196017923,3.22495051929093,0.653754855031636,0,0.0178,5.5,0,0,30,3454.89853167534
0.00395640836421344,3.48672761093595,3.48673590092882,0.61256692365047,0,0.0178,6,0,0,30,3737.59989595413
0.00349657078532442,3.74798577895894,3.74795402349399,0.576576467511984,0,0.0178,6.5,0,0,30,3639.0909280777
0.0031131702215953,4.00877779627788,4.00879727000275,0.544808890330023,0,0.0178,7,0,0,30,3478.85172128677
0.00279005063056312,4.26914861964855,4.26917664372959,0.516558279104273,0,0.0178,7.5,0,0,30,3707.47566080093
0.00251513037438518,4.52923943267657,4.52924885651519,0.491244217953386,0,0.0178,8,0,0,30,3774.14028263092
0.00227922380707177,4.78905013647208,4.78905829765236,0.468418823647355,0,0.0178,8.5,0,0,30,3764.05397391319
0.00207524339734878,5.04859480043348,5.04857105051757,0.447727121373606,1.69215520368123E-06,0.0178,9,0,0,30,4200.5041615963
0.00189764779596763,5.30791471207163,5.30786520129115,0.428877295923228,3.81354911239911E-06,0.0178,9.5,0,0,30,4166.06496405602
0.00174205265294741,5.56705224626527,5.56703809163366,0.41161846977814,0,0.0178,10,0,0,30,3651.42774558067
0.00160495142767614,5.82600367596971,5.82601319429646,0.395760485406415,0,0.0178,10.5,0,0,30,3831.26753473282
0.00148351196381713,6.08479901754402,6.08484705705911,0.381134025885416,0,0.0178,11,0,0,30,4100.19960808754
0.00137542615659011,6.34349586086415,6.343526349863,0.367595501676053,0,0.0178,11.5,0,0,30,4063.38285303116
0.00127879741203911,6.60210088592878,6.60206686966517,0.355026676856795,0,0.0178,12,0,0,30,4176.39078044891
0.00119205539497611,6.86049523742279,6.86052855269601,0.343322744630443,0,0.0178,12.5,0,0,30,4345.11732435226
0.00111389074120687,7.11889472648934,7.11888195869165,0.332396374485794,0,0.0178,13,0,0,30,4061.08407473564
0.00104320455391767,7.37716902313599,7.37718296343236,0.322173580857957,6.49179347721302E-07,0.0178,13.5,0,0,30,4192.75807094574
0.000979068970655916,7.63539004161602,7.63535316779471,0.312582438400151,0,0.0178,14,0,0,30,4505.09341430664
0.000920696106749363,7.89350377288543,7.8935075334416,0.303566850796142,0,0.0178,14.5,0,0,30,4419.48842549324
0.000867413397943785,8.15153002480147,8.15157552952423,0.295076604034055,0,0.0178,15,0,0,30,3852.36628580093
0.000818643875748513,8.40951882691798,8.4095529037472,0.287065536364666,0,0.0178,15.5,0,0,30,4106.9752137661
0.000773890277268841,8.66746079363906,8.66751987694312,0.279492707635009,0,0.0178,16,0,0,30,4395.64858818054
0.000732722159179166,8.9254171404697,8.92538483165303,0.272323583071838,0,0.0178,16.5,0,0,30,4601.65871071816
0.000694765382808809,9.1832437985662,9.1832202860353,0.26552408319731,0,0.0178,17,0,0,30,4629.20309376717
0.000659693483706324,9.4410665704221,9.44104164781135,0.259067817898704,1.80308786680219E-07,0.0178,17.5,0,0,30,4502.33028173447
0.000627220548755984,9.69883046574342,9.6988472121216,0.25292739366857,0,0.0178,18,0,0,30,4546.76312565804
0.000597095306784275,9.9565492891726,9.9565439012816,0.247081193786202,0,0.0178,18.5,0,0,30,4501.65214157105
0.000569096201620491,10.2142511984393,10.2142295860437,0.24150733206031,0,0.0178,19,0,0,30,4466.53977823257
0.00054302726508019,10.4719289241898,10.47195443653,0.23618682926625,0,0.0178,19.5,0,0,30,4496.27188205719
0.000518714644526673,10.7296076338441,10.7295535897376,0.231102978167303,0,0.0178,20,0,0,30,4408.38580727577
0.000496003668907474,10.9871693538059,10.9871899250271,0.226239989499526,0,0.0178,20.5,0,0,30,4332.90169382095
0.000474756359703107,11.2447957725304,11.2447880624858,0.221582557564076,0,0.0178,21,0,0,30,4282.55886054039
0.000454849311296122,11.5023639178475,11.5023645345618,0.217119703032961,0,0.0178,21.5,0,0,30,4168.41044545174
0.000436171879243068,11.7598892655353,11.7599130128198,0.21283717019242,0,0.0178,22,0,0,30,4316.94151210785
0.000418624626373452,12.0174101094485,12.0174464196668,0.208725256420491,0,0.0178,22.5,0,0,30,4239.89207148552
0.0004021179855401,12.2749035758618,12.2749575849981,0.204773880321783,0,0.0178,23,0,0,30,4313.48082709312
0.00038657110513444,12.5324580149792,12.5324125375002,0.200972610505103,0,0.0178,23.5,0,0,30,4506.01696300507
0.000371910849330146,12.7898868010408,12.7899202423396,0.19731385988908,0,0.0178,24,0,0,30,4010.55060315132
0.000358070929789615,13.0473338639991,13.0473969796198,0.193789437875424,0,0.0178,24.5,0,0,30,4051.92519688606
0.657873422222384,0.046106819975936,1.4156912888837,32.586346201094,31.5400952101953,0.0316,0,0,0,50,292.385012388229
0.130155742287171,0.500546833478619,1.54122607521799,5.53020294690904,4.55337476403019,0.0316,0.5,0,0,30,2060.02274990082
0.0659200444348189,0.956218446375885,1.83023991269581,3.32718417016627,2.47782165183859,0.0316,1,0,0,30,2326.52955937386
0.0416300311927159,1.38640010840556,2.15467995930499,2.43728166867377,1.69559640645304,0.0316,1.5,0,0,30,2087.02961564064
0.0299150868709546,1.36364426917711,1.36364766063218,1.30429816007,0,0.0316,2,0,0,30,2312.12535786629
0.0231745460095787,1.63561591480909,1.6355800453664,1.13196031823873,0,0.0316,2.5,0,0,30,2088.67212533951
0.0185122032712437,1.90453593495853,1.90453348067128,1.00352277068494,0,0.0316,3,0,0,30,2028.91810941696
0.01514610974278,2.17133211686977,2.17127628707548,0.903494210712087,0,0.0316,3.5,0,0,30,2427.40557551384
0.0126325059879761,2.43656535328155,2.43651354386662,0.823040419366687,0,0.0316,4,0,0,30,2210.62228417397
0.0107036349519046,2.70051879626901,2.7005190873462,0.756741957252856,0,0.0316,4.5,0,0,30,2353.08876299858
0.00918979980379001,2.96353472601437,2.96356460150082,0.701027025061634,0,0.0316,5,0,0,30,2763.79906058311
0.0079790357054138,3.22582870241779,3.22582576154227,0.653473932538143,1.23986645503792E-06,0.0316,5.5,0,0,30,2523.97874832153
0.00699494744955371,3.48749550873025,3.48746471385814,0.612351964068959,0,0.0316,6,0,0,30,2812.71116900444
0.00618390602512012,3.74855507030001,3.74859505524986,0.5764006674459,0,0.0316,6.5,0,0,30,2676.45275402069
0.00550733388642173,4.00926290407045,4.00926097661786,0.544675035181459,0,0.0316,7,0,0,30,2573.02287912369
0.00493688626535482,4.26954920466033,4.2695419016158,0.51644547960571,0,0.0316,7.5,0,0,30,2741.07550191879
0.00445134638426668,4.52954289634724,4.52952146416368,0.491153390887038,0,0.0316,8,0,0,30,2610.32655954361
0.00403456995123871,4.78926365661321,4.78925224614013,0.468346276592982,0,0.0316,8.5,0,0,30,2319.06117129326
0.00367409140380204,5.0487383705847,5.04870581308805,0.447673079203478,3.25653254035116E-06,0.0316,9,0,0,30,1998.25726890564
0.00336015857940562,5.30799175998242,5.30793366658991,0.428828594048004,0,0.0316,9.5,0,0,30,2098.17930841446
0.00308505130618112,5.56705304490844,5.56701034378824,0.411583544595677,0,0.0316,10,0,0,30,2411.29594659805
0.00284259212140166,5.82596129644616,5.8259525007433,0.395733035125807,1.59854854274488E-06,0.0316,10.5,0,0,30,2486.17435026169
0.00262778947491409,6.08473947785898,6.08469057288839,0.381111521537706,0,0.0316,11,0,0,30,2695.15498757362
0.00243657386220204,6.34336792981647,6.34329449201325,0.367579474261139,2.34576109580595E-06,0.0316,11.5,0,0,30,2322.25767159462
0.0022656001628055,6.60182140561593,6.60187174375173,0.355013593276116,0,0.0316,12,0,0,30,2332.5782148838
0.00211209782018339,6.86026098034622,6.86028444995361,0.343312884946642,0,0.0316,12.5,0,0,30,4596.90348720551
0.00197375604644356,7.1185887640429,7.11857866947848,0.332389742930285,0,0.0316,13,0,0,30,4410.73278069496
0.00184863497996033,7.37680012731451,7.37686333565828,0.322168486176439,0,0.0316,13.5,0,0,30,4631.51824259758
0.00173509628740319,7.63497401114785,7.63496918797,0.312580372531223,0,0.0316,14,0,0,30,4155.65866208077
0.00163174848609238,7.89309563347194,7.89305343369993,0.303567616997927,0,0.0316,14.5,0,0,30,4219.08783102036
0.0015374035169228,8.15108259757583,8.15111829948513,0.295078798568943,0,0.0316,15,0,0,30,4208.33460593224
0.0014510419933928,8.40907312274476,8.40907762337469,0.287067845065498,0,0.0316,15.5,0,0,30,4611.94982171059
0.00137178519758141,8.66699834289094,8.66701576277664,0.279496192640276,0,0.0316,16,0,0,30,4889.52759504318
0.00129887236410114,8.92483550541351,8.9248551738353,0.272327355390384,0,0.0316,16.5,0,0,30,4704.23612308502
0.00123164213897686,9.18271093783626,9.18264836710937,0.265530142756764,2.71361785554034E-07,0.0316,17,0,0,30,4562.05002379417
0.00116951735782829,9.44044232011933,9.44048886536244,0.259072925749072,0,0.0316,17.5,0,0,30,4713.92352843285
0.00111199248003012,9.69818525384921,9.69819961168266,0.252934271691366,0,0.0316,18,0,0,30,4789.41249275208
0.00105862316141529,9.95594660275997,9.95590257749888,0.247088583548519,0,0.0316,18.5,0,0,30,4663.983263731
0.00100901755891241,10.2136006119639,10.2135960379211,0.241514190544764,0,0.0316,19,0,0,30,4659.02132606506
0.000962829045430678,10.4712656216038,10.4712262890154,0.236194952375078,0,0.0316,19.5,0,0,30,4874.23632621765
0.000919750079236565,10.728897689592,10.7288663274161,0.231111033603051,0,0.0316,20,0,0,30,4319.23780226708
0.000879507023113536,10.9864382728829,10.9864635939914,0.22624840802515,0,0.0316,20.5,0,0,30,4835.41134738922
0.000841855748474659,11.2440266818754,11.2440417633447,0.221591918785907,2.23708790458704E-07,0.0316,21,0,0,30,4431.45014762878
0.000806577891328009,11.5016019808762,11.5015632155559,0.217128534626308,0,0.0316,21.5,0,0,30,4532.72268271446
0.000773477651710045,11.7591193355801,11.7591284471266,0.212846129229804,3.09075002263079E-07,0.0316,22,0,0,30,4687.82244205475
0.000742379048174961,12.0166517220695,12.0166398582849,0.20873427024179,0,0.0316,22.5,0,0,30,4704.48411130905
0.000713123554809226,12.274125497649,12.2741426593721,0.204782496897299,0,0.0316,23,0,0,30,4609.59200978279
0.000685568060927115,12.5316130162072,12.5315743873424,0.200981675729879,0,0.0316,23.5,0,0,30,4648.56340026856
0.000659583104056288,12.7890366837949,12.7890628213147,0.19732276116578,3.02991453607794E-09,0.0316,24,0,0,30,4828.52105879784
0.000635051335072529,13.0464692054699,13.0465363400811,0.193798261515143,0,0.0316,24.5,0,0,30,4791.48357319832
0.6697232920883,0.0815534761120091,1.38757213792426,18.7998255886777,17.7219747132963,0.0562,0,0,0,30,516.199974775314
0.209091709399922,0.511254545738388,1.53426928215523,5.11013281533068,4.12236646908461,0.0562,0.5,0,0,30,2671.97982096672
0.110887836714635,0.955743039739856,1.82196123090073,3.17638403090776,2.32170497337393,0.0562,1,0,0,30,2296.73072481155
0.0712915477544199,1.37186400053094,2.12695142625183,2.35167986232068,1.60272668537254,0.0562,1.5,0,0,30,2023.62208461761
0.0521055001919527,1.36931560203378,1.36928499487333,1.29862575097351,0,0.0562,2,0,0,30,2045.85428452492
0.0405202758539559,1.64009598407457,1.64014731976618,1.12844937294982,0,0.0562,2.5,0,0,30,2023.02313613892
0.0324547060156942,1.90826145926043,1.90825708834191,1.0011934382629,0,0.0562,3,0,0,30,2294.38713288307
0.0266054829745598,2.17441490588503,2.17445834706763,0.90187702948079,0,0.0562,3.5,0,0,30,2259.37454295158
0.0222233655606119,2.43913633308752,2.43915996284335,0.821884453464957,9.3573686404301E-06,0.0562,4,0,0,30,2403.2155547142
0.0188523059287878,2.70276111377367,2.70276291022573,0.755878096085553,0,0.0562,4.5,0,0,30,2857.25448346138
0.0162014469089214,2.96543419340598,2.96545586702869,0.700367373099354,0,0.0562,5,0,0,30,3284.6533176899
0.0140779688001099,3.22738465126029,3.2273915483021,0.652973353182388,0,0.0562,5.5,0,0,30,3529.42625594139
0.0123498194060797,3.48878809045966,3.48875252605523,0.611960523171728,2.75432234071556E-06,0.0562,6,0,0,30,3685.00772428513
0.0109240232005128,3.74965184479084,3.7496460133299,0.576092448836457,0,0.0562,6.5,0,0,30,3798.59686160088
0.00973353643314485,4.01013848129615,4.01014604485807,0.544431427313534,0,0.0562,7,0,0,30,4360.97025680542
0.00872899913632237,4.2702579636752,4.2702813625293,0.516248015950336,0,0.0562,7.5,0,0,30,3574.22824549675
0.00787340094224545,4.53009428987296,4.53008382286169,0.490995361837504,0,0.0562,8,0,0,30,3737.78035092354
0.00713853869306515,4.78964638657152,4.78962579274875,0.468223204573452,0,0.0562,8.5,0,0,30,4459.41671466827
0.00650260822110719,5.04895267451728,5.04893203308758,0.447571177767334,0,0.0562,9,0,0,30,3701.57573676109
0.00594853268111868,5.30805917877921,5.3080668631834,0.428748030252717,0,0.0562,9.5,0,0,30,3552.32263612747
0.00546278028202243,5.56705468025755,5.56702656739415,0.411517406198716,6.94928962086522E-07,0.0562,10,0,0,30,4626.86108422279
0.00503451394564054,5.82585123377098,5.82580830268238,0.395682497673734,6.39071345205443E-07,0.0562,10.5,0,0,30,4703.43251776695
0.00465497030588081,6.08449510546894,6.08448625482724,0.381069825626896,0,0.0562,11,0,0,30,4635.24876618385
0.00431699985177977,6.34304491556271,6.34301920232776,0.367546232680824,2.52860893832764E-07,0.0562,11.5,0,0,30,4433.94409942627
0.00401472205223617,6.60150295592691,6.60147024337504,0.354988928299059,0,0.0562,12,0,0,30,4612.64825582504
0.00374326368101282,6.85984054248029,6.85980315169754,0.34329525127525,0,0.0562,12.5,0,0,30,4772.28904938698
0.00349855812871684,7.11808024708207,7.11802585599048,0.332378449862775,0,0.0562,13,0,0,30,4765.32074713707
0.003277189953758,7.37619911952029,7.37620561794559,0.322161738710168,0,0.0562,13.5,0,0,30,4359.48147130013
0.00307627336264499,7.63433963836827,7.63429677660571,0.312576384748535,0,0.0562,14,0,0,30,4426.95417356491
0.00289335639846397,7.89232084742113,7.89233416237215,0.303567145415401,0,0.0562,14.5,0,0,30,4152.03126263619
0.00272634479464387,8.15027624740477,8.15033306676852,0.29508122625286,0,0.0562,15,0,0,30,4895.89123916626
0.0025734410055746,8.4081951887455,8.40824422468024,0.287072389965443,0,0.0562,15.5,0,0,30,4725.42259693146
0.00243309504740702,8.66606064822273,8.66610670927989,0.279503697801896,0,0.0562,16,0,0,30,4493.25251984596
0.00230396460142278,8.92387084022978,8.92391613651897,0.272335819411638,0,0.0562,16.5,0,0,30,4823.94672298431
0.00218488243459482,9.18164943734541,9.18166641241477,0.265539294528731,0,0.0562,17,0,0,30,4513.62580895424
0.00207482964086553,9.43943044867107,9.439397244297,0.259084718065169,0,0.0562,17.5,0,0,30,4766.41294002533
0.00197291354246577,9.69709636228979,9.69712758797321,0.252945783713534,0,0.0562,18,0,0,30,4680.37893867493
0.00187834934511714,9.95479599874274,9.95474895283055,0.247101050759734,5.91960889587985E-07,0.0562,18.5,0,0,30,4738.92119026184
0.001790444834731,10.2124014344392,10.2124289863594,0.241528725564406,0,0.0562,19,0,0,30,4723.24582886696
0.00170858755183724,10.470019464987,10.4700535026665,0.236208773360233,0,0.0562,19.5,0,0,30,4818.98560285568
0.00163223399505352,10.7276131108037,10.7276415782699,0.231125829459102,0,0.0562,20,0,0,30,4763.96683311462
0.00156090049451028,10.9851539970592,10.9851553469083,0.226263560072704,0,0.0562,20.5,0,0,30,4490.50688362122
0.00149415546587077,11.2427298466813,11.2426950788871,0.221606704239419,0,0.0562,21,0,0,30,4534.63378596306
0.00143161281125307,11.5002249850035,11.5002586222631,0.217143470708383,0,0.0562,21.5,0,0,30,4805.69764995575
0.00137292627663388,11.7577125496956,11.7577173132351,0.212862108710669,0,0.0562,22,0,0,30,4650.35054183006
0.00131778461033127,12.0151989643503,12.015227267261,0.208750040791498,0,0.0562,22.5,0,0,30,4699.13134479523
0.00126590739514044,12.2726902066741,12.2726331371039,0.20479837665715,0,0.0562,23,0,0,30,4691.69810557365
0.00121704144885632,12.5300923848316,12.5301386218658,0.200997628909683,0,0.0562,23.5,0,0,30,4726.64061760902
0.00117095770626232,12.7875231200012,12.7875504895992,0.197338853370494,0,0.0562,24,0,0,30,4688.51932954788
0.00112744851025468,13.0449711737586,13.0449988395858,0.193814095496907,0,0.0562,24.5,0,0,30,4968.31200790405
0.68850889056551,0.142471447311866,1.35567618346559,11.1157028875317,9.9940817015245,0.1,0,0,0,30,655.161781549454
0.31759322420371,0.528910865129851,1.52514583472019,4.60127005153955,3.59603134622481,0.1,0.5,0,0,30,2123.77834272385
0.180275491624649,0.953928703702809,1.80229448405529,2.98026306036337,2.11323717747038,0.1,1,0,0,30,1870.34167766571
0.119241560196509,1.3429046171347,2.06132563854097,2.23303583220343,1.464517223335,0.1,1.5,0,0,30,2199.15696549416
0.0893772959255555,1.37943905712128,1.37944870295719,1.28863156707963,1.33992024069767E-05,0.1,2,0,0,30,1988.61747789383
0.0699697777879151,1.64829272052884,1.64833330677284,1.12224255081445,0,0.1,2.5,0,0,30,2082.62032294273
0.0563038062055568,1.91497829551102,1.91501988527024,0.997079508930502,0,0.1,3,0,0,30,2099.03333950043
0.0463149577677472,2.18010035297147,2.1800268771517,0.899014454900068,1.32944621924348E-05,0.1,3.5,0,0,30,2131.21159124374
0.0387884303789459,2.44388109538448,2.44384975712498,0.819811244024898,0,0.1,4,0,0,30,2251.59242296219
0.0329730767489248,2.70673688416154,2.70673246528863,0.754341804429113,0,0.1,4.5,0,0,30,2477.1209332943
0.0283843827375467,2.96878452952967,2.9687813928495,0.69921788534596,0,0.1,5,0,0,30,2996.71392011642
0.0246983999696122,3.2302519528202,3.23022729079785,0.652076765775086,0,0.1,5.5,0,0,30,3118.39623427391
0.0216917964978908,3.49113287754882,3.491163004498,0.611263424271605,0,0.1,6,0,0,30,3426.26526141167
0.0192064915166712,3.7516246145842,3.75158235039692,0.575543926400442,0,0.1,6.5,0,0,30,3512.10568475723
0.017127998723318,4.01168007964374,4.01171090950241,0.543995144421491,0,0.1,7,0,0,30,4418.34149980545
0.0153717243362594,4.27147328035783,4.27150974925465,0.515905671759819,0,0.1,7.5,0,0,30,3455.99825596809
0.0138740457485766,4.53099053914758,4.53101985574137,0.490718451391824,0,0.1,8,0,0,30,4114.36773061752
0.0125863537624263,4.790296238649,4.79030110317778,0.467997885059843,0,0.1,8.5,0,0,30,4190.68630075455
0.011470983256234,5.04936493708107,5.04941278804443,0.447389766149363,0,0.1,9,0,0,30,3859.63744497299
0.0104983771238093,5.30831647988862,5.30832159365475,0.428602588811002,0,0.1,9.5,0,0,30,4384.25361657143
0.0096450735659592,5.56704051377831,5.56706561884882,0.411403548019818,0,0.1,10,0,0,30,4125.8510248661
0.00889225410417881,5.8256400103661,5.82569880042355,0.395589386175372,0,0.1,10.5,0,0,30,4081.35633897781
0.00822468039834927,6.08413562463057,6.08412423008506,0.380999395964856,0,0.1,11,0,0,30,3559.09595632553
0.00762990511242274,6.34252813027739,6.34250273916435,0.367491457318608,0,0.1,11.5,0,0,30,3465.12914085388
0.00709767886220598,6.60080512266347,6.60076915072009,0.354947226733486,0,0.1,12,0,0,30,3043.40847611427
0.00661949939685871,6.85897424660342,6.85901592325227,0.343264972617326,0,0.1,12.5,0,0,30,3141.46709418297
0.00618826526933134,7.11713062191022,7.11708576782151,0.332356951138041,0,0.1,13,0,0,30,3286.17978167534
0.00579800716932034,7.37515068756221,7.37511792724195,0.322147417616755,0,0.1,13.5,0,0,30,3332.7719938755
0.00544367760661804,7.63309587737537,7.63313419499861,0.312570188228188,0,0.1,14,0,0,30,3287.78989839554
0.00512098487945547,7.89099783837708,7.89105275758154,0.303566259292317,0,0.1,14.5,0,0,30,3363.15814685822
0.00482626096825923,8.14890430777407,8.14886525252062,0.295084764892971,0,0.1,15,0,0,30,3340.03219437599
0.00455635564708432,8.40669922185875,8.40666026831461,0.287081214442278,0,0.1,15.5,0,0,30,3293.85322260857
0.00430855102333016,8.66448290326445,8.664437634229,0.279514876373972,0,0.1,16,0,0,30,3210.3641872406
0.00408049211635756,8.92217325634925,8.92216565954789,0.272351538368628,2.97559840941604E-07,0.1,16.5,0,0,30,3073.25719285011
0.00387013012108537,9.17985323497157,9.17987035481295,0.265555981110571,0,0.1,17,0,0,30,3175.0855743885
0.0036756757713967,9.43749661495117,9.43754825341924,0.259104109602534,0,0.1,17.5,0,0,30,3086.48876929283
0.00349556079745772,9.69514333748514,9.69515426378852,0.252966754398776,0,0.1,18,0,0,30,3118.92461323738
0.00332840590842406,9.95269948655565,9.95276433437947,0.247123829853061,0,0.1,18.5,0,0,30,3257.4311568737
0.00317299406639655,10.2103233085275,10.210296988568,0.241552658838224,0,0.1,19,0,0,30,3089.82478880882
0.00302824807410349,10.4678234958303,10.4678667493449,0.236234487377671,0,0.1,19.5,0,0,30,3223.39451217651
0.00289321169781584,10.7253956219207,10.7253369335145,0.231151934100278,7.67961404199407E-07,0.1,20,0,0,30,2851.77344083786
0.00276703370133127,10.982841122916,10.9828722875316,0.226289512802275,0,0.1,20.5,0,0,30,2696.44023776054
0.0026489542887604,11.2403548956049,11.2403070291529,0.221633701298449,0,0.1,21,0,0,30,2565.48822712898
0.00253829354892705,11.4977955894434,11.4977718618471,0.217171545331824,0,0.1,21.5,0,0,30,2851.75785708427
0.00243444157028534,11.7552449604021,11.7552036788865,0.212889396475513,0,0.1,22,0,0,30,2600.39545822144
0.00233684995576811,12.0126799183302,12.0126498445533,0.208777898232418,0,0.1,22.5,0,0,30,2606.21422553062
0.0022450245151591,12.2700532982772,12.2701026014793,0.204826519412828,0,0.1,23,0,0,30,2619.69327521324
0.00215851895176448,12.5274765990053,12.5274698431896,0.201025847328263,0,0.1,23.5,0,0,30,2495.45395493507
0.00207692939145064,12.7848520743903,12.78482533596,0.197366978676808,0,0.1,24,0,0,30,2870.78797602654
0.00199988962806814,13.042226785661,13.0421981226417,0.193842688536266,0,0.1,24.5,0,0,30,2452.65722036362
0.713850319493533,0.23986009344907,1.34459064380409,6.8806208204848,5.71938358618719,0.1778,0,0,0,30,602.80148935318
0.44679592478785,0.557171385508171,1.51573282603008,4.01133327662466,2.9794160258543,0.1778,0.5,0,0,30,1724.88477754593
0.278478752959582,0.946375410509533,1.7563607066563,2.73643786464219,1.83967377426669,0.1778,1,0,0,30,2014.14098405838
0.193890602208485,1.13131648449814,1.13133508580895,1.49208686650078,9.89555954406719E-06,0.1778,1.5,0,0,30,1918.10450792313
0.149109469223081,1.39782855479783,1.39784784036827,1.27118265966331,3.0475290185693E-05,0.1778,2,0,0,30,1866.74059605598
0.118059867678568,1.6630937451151,1.66311591480673,1.11138167702279,0,0.1778,2.5,0,0,30,1899.01388764381
0.0957628844350981,1.9271928809441,1.92714595613827,0.989836747467374,0,0.1778,3,0,0,30,2149.28737092018
0.0792415724930156,2.19021871566016,2.19016312394689,0.893950460599395,0,0.1778,3.5,0,0,30,2219.13014435768
0.0666676319025992,2.45234819835684,2.45241549613624,0.816157485521966,0,0.1778,4,0,0,30,2403.31790566444
0.0568778264520183,2.71387897030337,2.71388356209205,0.751630278038163,0,0.1778,4.5,0,0,30,2207.56735777855
0.0491063537076826,2.9748069581493,2.97484986777143,0.69716210755625,0,0.1778,5,0,0,30,3253.47475552559
0.0428332929055085,3.23531523194427,3.23525546689293,0.650501827995262,0,0.1778,5.5,0,0,30,3483.82563734055
0.0376959161918517,3.49535872287426,3.49536412266351,0.610030665101207,0,0.1778,6,0,0,30,3602.44748306274
0.0334350219670572,3.75507229146693,3.75512799314644,0.574574159553696,0,0.1778,6.5,0,0,30,3887.87118315697
0.0298614269390876,4.01455785357817,4.01451839902543,0.543223488988036,0,0.1778,7,0,0,30,3851.14065790176
0.0268344390421136,4.27372611504615,4.27375483625976,0.515287139415257,0,0.1778,7.5,0,0,30,3632.33078718185
0.0242476667981387,4.53276478053685,4.53271480940404,0.49022607471459,0,0.1778,8,0,0,30,3744.19338417053
0.0220194455218004,4.79157787866538,4.79152160548066,0.46760345722755,2.18558469591074E-06,0.1778,8.5,0,0,30,3871.18978476524
0.0200862420018892,5.05018740637264,5.05015282533056,0.447071966603458,0,0.1778,9,0,0,30,3873.4707069397
0.0183980244665675,5.30866439507012,5.30868011363331,0.428350668246114,0,0.1778,9.5,0,0,30,3968.11016321182
0.0169149561239548,5.56708472154195,5.56705808010818,0.411197461202101,0,0.1778,10,0,0,30,4260.61645054817
0.0156049968655254,5.82534975191505,5.82530800296923,0.395427420193159,0,0.1778,10.5,0,0,30,4323.47523927689
0.0144421387938944,6.08350100766577,6.08352837446715,0.380870962774625,0,0.1778,11,0,0,30,4483.4829852581
0.0134050910482953,6.3415513989304,6.34159722730246,0.36739258530185,0,0.1778,11.5,0,0,30,4138.67073750496
0.0124762877173869,6.59959435068054,6.599598263682,0.354871840660187,0,0.1778,12,0,0,30,3997.6788392067
0.0116411311599122,6.85755494667669,6.85750978993126,0.343211449843863,0,0.1778,12.5,0,0,30,4314.21900463104
0.0108874089537325,7.11538593995812,7.11538332673576,0.332320049379789,0,0.1778,13,0,0,30,4558.90930485725
0.0102048403553906,7.37320765134906,7.37316159512448,0.322125523691851,0,0.1778,13.5,0,0,30,4598.71585869789
0.00958472038379814,7.6309176456413,7.63098403099902,0.312559657837723,0,0.1778,14,0,0,30,5007.8223195076
0.00901963821037288,7.88865230898824,7.88866642734227,0.303566938232387,0,0.1778,14.5,0,0,30,4337.79990100861
0.00850325262739127,8.14634514081442,8.14632479801428,0.295094106342818,9.79598590538702E-08,0.1778,15,0,0,30,4722.84284973145
0.00803011173498893,8.40399615259979,8.40393621023878,0.287096844292457,0,0.1778,15.5,0,0,30,4510.37087011337
0.00759550715850089,8.66159205298089,8.66154336976923,0.279536873099242,0,0.1778,16,0,0,30,4563.20531320572
0.00719535543417384,8.91908537403804,8.91912682797901,0.272377451933512,0,0.1778,16.5,0,0,30,4565.90675020218
0.00682610092276281,9.17668219655538,9.17665507933048,0.265587157225948,0,0.1778,17,0,0,30,4708.75203204155
0.00648463589405444,9.43414896072604,9.43415580806476,0.259138409528396,0,0.1778,17.5,0,0,30,4628.56629490852
0.00616823439504449,9.69165250380578,9.69162235296959,0.253005347775499,0,0.1778,18,0,0,30,5041.19332289696
0.00587449724737807,9.94906723643519,9.94912053035539,0.247164403577056,0,0.1778,18.5,0,0,30,4585.99599289894
0.00560130608251138,10.2065562364952,10.2065435999401,0.241595123358418,0,0.1778,19,0,0,30,4710.12659621239
0.00534678475446485,10.4639320307094,10.4639371842285,0.236279241110152,0,0.1778,19.5,0,0,30,4491.96352505684
0.00510926680656166,10.7213805449544,10.7213295663302,0.231197786131581,0,0.1778,20,0,0,30,4703.71458816528
0.00488726792936412,10.9787308178877,10.9787046630494,0.226337412882054,0,0.1778,20.5,0,0,30,4947.19895982742
0.00467946255271595,11.2360874138792,11.23609339198,0.221682933966328,0,0.1778,21,0,0,30,5083.33276295662
0.00448466387721686,11.4934627179336,11.4934517214375,0.217220255126519,4.20350990392102E-07,0.1778,21.5,0,0,30,5091.18941688538
0.00430180677874552,11.7508156189303,11.7507939837697,0.212939557795677,0,0.1778,22,0,0,30,4814.19660329819
0.00412993312292837,12.0081224574486,12.0081478684583,0.208828190795648,0,0.1778,22.5,0,0,30,4935.72976875305
0.00396817910862357,12.2654636532485,12.2654359412981,0.204876961053294,0,0.1778,23,0,0,30,4734.74290466309
0.00381576432593642,12.5227773739117,12.5227145130281,0.201077033728117,5.28407896341767E-07,0.1778,23.5,0,0,30,4585.34042239189
0.00367198226823951,12.7800484721607,12.7800057692038,0.197418221663686,0,0.1778,24,0,0,30,4818.27845001221
0.00353619208125909,13.0373272743487,13.0373306927398,0.193893941690693,2.34824098735359E-07,0.1778,24.5,0,0,30,4740.53017616272
0.738323738625569,0.378105809875007,1.38919599161967,4.50079499132423,3.33305671204524,0.3162,0,0,0,30,539.634403467178
0.572830034776761,0.603158225105215,1.51473247075963,3.35100138560454,2.28315626801869,0.3162,0.5,0,0,30,1674.60540747643
0.401734462570779,0.924048559532945,1.66008531846651,2.43430587071328,1.46495735982956,0.3162,1,0,0,30,2012.4531621933
0.300861932694115,1.17503815686096,1.17505688853645,1.44005811474918,4.71279877540853E-05,0.3162,1.5,0,0,30,2033.79083609581
0.237800914890762,1.43166309262183,1.43169922503204,1.24111169628151,0,0.3162,2,0,0,30,1671.71956968308
0.191815040882652,1.69023080637839,1.69026253142881,1.09240721682758,0,0.3162,2.5,0,0,30,1890.2516644001
0.157679953008101,1.94943042116135,1.94940818302409,0.977131826815063,0,0.3162,3,0,0,30,1989.87332224846
0.131790547377829,2.20870028059266,2.20870613393274,0.885052630504898,0,0.3162,3.5,0,0,30,2022.37773323059
0.111744183403869,2.46791188999875,2.46787966515788,0.809714176986111,0,0.3162,4,0,0,30,2015.00708508492
0.0959285155377784,2.72696467759693,2.72695442197145,0.746844060607029,0,0.3162,4.5,0,0,30,2189.96558785439
0.0832413908316975,2.9858289766644,2.98580499610038,0.69354067609658,0,0.3162,5,0,0,30,3014.38690185547
0.0729133010485222,3.24450001148582,3.24451835548108,0.647706125218621,0,0.3162,5.5,0,0,30,3181.79430866241
0.0643956568966979,3.50306153601372,3.5030430067811,0.607853028840269,0,0.3162,6,0,0,30,3797.74428510666
0.0572896402880284,3.76145607216195,3.76141657295227,0.572856749800665,0,0.3162,6.5,0,0,30,3836.23721647263
0.051300061226602,4.0197095860775,4.01967365131337,0.541863110828683,0,0.3162,7,0,0,30,3772.12795376778
0.0462048279442049,4.27779324070007,4.27781980899307,0.514201254464665,0,0.3162,7.5,0,0,30,3628.99602627754
0.0418343433878238,4.53583296505648,4.53584189342634,0.489357320285646,0,0.3162,8,0,0,30,4043.44703102112
0.0380573357703387,4.79379289490707,4.79380531278164,0.46690365883176,0,0.3162,8.5,0,0,30,4040.81961274147
0.0347709403024447,5.05163329339938,5.05164737163903,0.446511208885658,0,0.3162,9,0,0,30,3717.01239418983
0.0318936418584985,5.30938168441615,5.30941415478445,0.427898027262663,0,0.3162,9.5,0,0,30,3848.76056671143
0.029360176605339,5.56711913801513,5.56715267690877,0.410839536877017,0,0.3162,10,0,0,30,4051.80723381043
0.0271177968415217,5.82475498276187,5.82477280306368,0.395144818636312,0,0.3162,10.5,0,0,30,3912.48563885689
0.0251234988890519,6.08234304905251,6.08236126337132,0.380650504546838,0,0.3162,11,0,0,30,4062.0931251049
0.0233419409250835,6.33990791983569,6.33988755169824,0.367223231154864,4.25057649227709E-07,0.3162,11.5,0,0,30,4407.00007939339
0.0217438615709828,6.59740963492489,6.5974293976244,0.354743889412381,0,0.3162,12,0,0,30,4249.74735927582
0.0203048663600006,6.85486112270943,6.85487666877018,0.343119151159831,0,0.3162,12.5,0,0,30,4778.87901854515
0.0190044875351153,7.11236147369047,7.11231495589479,0.332257925666962,0,0.3162,13,0,0,30,4397.66554999352
0.0178254490658193,7.36971017695936,7.36974977696985,0.322088076862741,0,0.3162,13.5,0,0,30,3895.3595969677
0.0167530872785982,7.62708526139459,7.62712459283163,0.312542951765093,0,0.3162,14,0,0,30,4547.03870296478
0.0157748905710866,7.88445061090094,7.88447065357321,0.30356704004052,0,0.3162,14.5,0,0,30,4496.78456401825
0.0148801310441225,8.14175757934504,8.1418033033687,0.295109973182283,0,0.3162,15,0,0,30,4613.55895400047
0.0140595676628565,8.39910428145048,8.39906005924772,0.28712612371565,0,0.3162,15.5,0,0,30,4238.92598605156
0.0133052055038852,8.65634110077404,8.65635648847287,0.279577765259131,0,0.3162,16,0,0,30,4743.45534491539
0.0126100992971556,8.91361521812875,8.91361194340443,0.272427747860686,0,0.3162,16.5,0,0,30,4234.20802330971
0.01196819218754,9.1708828767832,9.17090958676157,0.265645051742258,0,0.3162,17,0,0,30,4351.71965670586
0.0113741826799118,9.4281144071573,9.42812096982735,0.259202863829012,0,0.3162,17.5,0,0,30,4639.20199203491
0.0108234142749522,9.68538390879084,9.68534510864417,0.253074981499261,1.84714956646651E-07,0.3162,18,0,0,30,4524.3276078701
0.0103117834772137,9.94257657448906,9.94253266258433,0.247238786035201,4.79519502011052E-07,0.3162,18.5,0,0,30,4627.7370223999
0.00983566276105374,10.1997486866782,10.1997868526265,0.241673341070348,0,0.3162,19,0,0,30,4624.6776266098
0.00939183577710655,10.4569956516781,10.4569695776514,0.236360118949785,0,0.3162,19.5,0,0,30,4401.07112669945
0.00897744262587282,10.7141994339439,10.7141352222936,0.231281590520433,0,0.3162,20,0,0,30,4825.49423885346
0.00858993344833643,10.9713727888797,10.9713218488315,0.226422881300214,0,0.3162,20.5,0,0,30,4615.85992741585
0.00822702891990932,11.2285191717543,11.2284817532294,0.221769945382825,0,0.3162,21,0,0,30,4829.36339044571
0.0078866864980997,11.4857076761564,11.4856640827445,0.217309151762149,0,0.3162,21.5,0,0,30,4495.36507105827
0.00756707148541802,11.7428045955666,11.7428519800046,0.21302914863916,0,0.3162,22,0,0,30,4816.70190668106
0.00726653213768199,11.9999610748961,12.0000087654575,0.208919024839242,0,0.3162,22.5,0,0,30,4720.3073990345
0.00698357818403525,12.2571306058436,12.2571796722418,0.204968116016492,0,0.3162,23,0,0,30,4102.67563867569
0.00671686223426436,12.5143187660672,12.5142819250728,0.201167838871346,0,0.3162,23.5,0,0,30,4156.90560698509
0.00646516363789922,12.7714670728668,12.7713966656231,0.197509482608105,0,0.3162,24,0,0,30,3799.03643250465
0.00622737443265176,13.028587963391,13.0285704431082,0.193984946115487,0,0.3162,24.5,0,0,30,3499.0199303627
0.748756730920926,0.556798785432598,1.49465309824883,3.04918174801846,1.90898333081885,0.5623,0,0,0,30,570.600986242294
0.664009746243965,0.687688628672369,1.54791701261773,2.63765734445389,1.53878778920713,0.5623,0.5,0,6,30,4012.91704106331
0.530134891212255,0.91498181805813,1.56589714055106,2.05040587034136,0.96690694284836,0.5623,1,0,0,30,1689.43583846092
0.428704775806921,1.25655662367571,1.25662070635018,1.35564654057571,9.7733396706511E-05,0.5623,1.5,0,0,30,1519.43571972847
0.352761736426776,1.49514661193556,1.49508841083903,1.19048660634346,0,0.5623,2,0,0,30,1600.42278409004
0.292843474586607,1.74123512461143,1.74119423198409,1.0598361007925,0,0.5623,2.5,0,0,30,1470.36735701561
0.245912686492675,1.99115989118398,1.99119263303241,0.95505463324962,0,0.5623,3,0,0,30,1531.37540960312
0.208917310628755,2.24337579023068,2.24340679390235,0.869469512636065,0,0.5623,3.5,0,0,30,1603.98541712761
0.179429983766495,2.49692350198715,2.49696244716101,0.798382389055048,0,0.5623,4,0,0,30,2075.27927923203
0.155637739853128,2.75134961877549,2.7513156975177,0.738411299853664,5.48965375031627E-06,0.5623,4.5,0,0,30,1870.44407486916
0.136207758770242,3.00631154018981,3.00626108122893,0.68712879955252,0,0.5623,5,0,0,30,2533.26648139954
0.120158880085789,3.26169710459578,3.26163290601367,0.642767213917207,0,0.5623,5.5,0,0,30,2385.97973418236
0.106762823364612,3.51732092072882,3.51730255800941,0.604004230819183,0,0.5623,6,0,0,30,2675.97692227364
0.0954730324615262,3.77320956894448,3.77322833696576,0.569822051063142,0,0.5623,6.5,0,0,30,2502.88121533394
0.08587443423746,4.029245304986,4.02922263397652,0.539452052512925,0,0.5623,7,0,0,30,2418.56331992149
0.0776480471015628,4.28540504014614,4.28541682931203,0.512280191586888,0,0.5623,7.5,0,0,30,2945.18440842629
0.0705459131335546,4.54163749882892,4.541662401379,0.487817826997457,0,0.5623,8,0,0,30,2850.36408853531
0.0643731808957054,4.79799499819231,4.79794818315604,0.465669946566206,0,0.5623,8.5,0,0,30,2475.33579444885
0.0589751625416921,5.05439193146338,5.05435347502764,0.445522703324728,0,0.5623,9,0,0,30,2312.09310483933
0.0542278794778912,5.310816653966,5.3107771815838,0.427109548661828,2.53420446457086E-06,0.5623,9.5,0,0,30,2579.80378818512
0.0500310789639054,5.56731362439762,5.56728449957259,0.410210132287025,0,0.5623,10,0,0,30,2389.47191739082
0.0463030195932194,5.82380017653033,5.82384110723929,0.394647373003572,0,0.5623,10.5,0,0,30,2499.68350672722
0.0429765368205157,6.08034868564181,6.08037903869942,0.380261008440751,0,0.5623,11,0,0,30,2407.53471636772
0.0399960446921324,6.33694549382395,6.33691388900679,0.366925350408727,0,0.5623,11.5,0,0,30,2359.59493041039
0.0373152294262146,6.59351872637837,6.5935428309143,0.354523389770831,0,0.5623,12,0,0,30,2587.00350236893
0.0348952593354619,6.85016549678875,6.8501517080113,0.342959486461795,0,0.5623,12.5,0,0,30,4127.60375738144
0.032703383789384,7.10685015406111,7.10679731238117,0.332152820647403,0,0.5623,13,0,0,30,4040.35718512535
0.0307118279354172,7.36349637959582,7.36349444466792,0.322027193702286,0,0.5623,13.5,0,0,30,4316.09200429916
0.0288969142079793,7.6201447598366,7.62015945268093,0.312519488691476,0,0.5623,14,0,0,30,4221.92781090736
0.027238359139348,7.87684787070885,7.87682734257701,0.303577184610501,8.84926998168683E-07,0.5623,14.5,0,0,30,4156.5187458992
0.0257187067274996,8.13351754526971,8.13356315574823,0.295146151677442,0,0.5623,15,0,0,30,3998.08137106895
0.0243228689569414,8.39029863493274,8.39024898472678,0.287184563814355,0,0.5623,15.5,0,0,30,3949.73950815201
0.0230377509755841,8.6470374575778,8.64699228637359,0.279655142432956,8.88359244186637E-07,0.5623,16,0,0,30,4461.89809131622
0.0218519436027683,8.9037210799846,8.90374016484522,0.272520159466543,0,0.5623,16.5,0,0,30,4269.86076712608
0.020755469713539,9.16047015581783,9.16048574382269,0.265752869133144,0,0.5623,17,0,0,30,4167.86000919342
0.0197395739964688,9.41725556685942,9.41727879435116,0.25932158435144,0,0.5623,17.5,0,0,30,4163.52753257752
0.0187965478205474,9.67404905284453,9.67399361537355,0.253203131912099,0,0.5623,18,0,0,30,3847.70387911797
0.0179195826776611,9.93078687334741,9.93083859099362,0.247374489058118,0,0.5623,18.5,0,0,30,4027.25213456154
0.0171026469985411,10.1875878451281,10.1876182458943,0.24181569368017,0,0.5623,19,0,0,30,4275.14627814293
0.0163403821827359,10.4444135597577,10.4443577249923,0.23650780231001,0,0.5623,19.5,0,0,30,4104.08237338066
0.015628014496109,10.7012278483816,10.7011978504967,0.231434447259369,0,0.5623,20,0,0,30,4323.06083893776
0.0149612801271264,10.9580432934243,10.9580282126822,0.22657924183151,0,0.5623,20.5,0,0,30,3953.96092820168
0.0143363612087952,11.2148636566322,11.2148235792928,0.221929186355133,0,0.5623,21,0,0,30,4458.19870686531
0.0137498310075732,11.4716858833253,11.4716990322301,0.217470080293272,0,0.5623,21.5,0,0,30,4229.41854453087
0.0131986068116965,11.7284885804462,11.7285189660709,0.213192493231251,0,0.5623,22,0,0,30,4234.78726530075
0.0126799093064188,11.9853238525494,11.9853926106588,0.209082803737367,0,0.5623,22.5,0,0,30,4131.92677688599
0.0121912274370938,12.2421826939836,12.2422189137525,0.205133401801504,0,0.5623,23,0,0,30,4149.86238503456
0.0117302879277816,12.4990979736447,12.4990419133008,0.201333075453623,0,0.5623,23.5,0,0,30,3995.53554582596
0.0112950287649048,12.7559818094653,12.7558991200725,0.197674744600146,2.49435686097959E-07,0.5623,24,0,0,30,4280.30563592911
0.0108835760671908,13.012808802974,13.0128446165052,0.194149618485838,0,0.5623,24.5,0,0,30,4503.75482773781
0.734153577314313,0.796332824565824,1.64460010533684,2.06358601913372,0.968465052062901,1,0,0,1,30,671.414373874664
0.698743787807894,0.864618191734525,1.6516871273819,1.92726710961367,0.836800968663217,1,0.5,0,5,30,4392.40472793579
0.621944373077144,1.03343675491147,1.62656827444693,1.62868170437394,0.523895366663196,1,1,0,0,30,2170.19512605667
0.542562382762636,1.40958047195199,1.40968244154324,1.22768990624353,7.08499289316159E-05,1,1.5,0,0,30,1411.11806917191
0.4701020801603,1.61684992888693,1.6168404929798,1.10849510353417,0,1,2,0,0,30,1845.48269534111
0.406228865152123,1.83982819855436,1.83981236537407,1.00508711787604,0,1,2.5,0,0,30,1521.64465761185
0.351989468247593,2.07227697299786,2.0722215199575,0.917108318242177,0,1,3,0,0,30,1558.3169157505
0.306566799655087,2.31075384046102,2.31073609476343,0.842358793844419,0,1,3.5,0,0,30,1539.50598287582
0.268637604983303,2.55325054771326,2.55331046302896,0.778490279864864,0,1,4,0,0,30,1733.45990204811
0.236889238136643,2.79859290355085,2.79861031211962,0.723509843252489,0,1,4.5,0,0,30,1927.88163352013
0.210182779653423,3.04604298192658,3.04600405079202,0.675778420988488,0,1,5,0,0,30,2778.13745713234
0.187580649905772,3.29495694660898,3.29493159872864,0.634001466970093,0,1,5.5,0,0,30,2995.40278291702
0.168327819775468,3.54504487741759,3.54504893229799,0.597156846646907,0,1,6,0,0,30,3250.37861728668
0.151821156099253,3.79607064761483,3.79609548002733,0.564430350281897,0,1,6.5,0,1,30,3663.42590808868
0.137579375769291,4.04784290857901,4.04780594314507,0.535174030395366,0,1,7,0,0,30,3629.10330486298
0.125217415979351,4.30022979245585,4.30019205817135,0.50886984267898,0,1,7.5,0,0,30,3546.24334478378
0.114425775131432,4.55306747690008,4.55303222688688,0.485091155356877,0,1,8,0,0,30,3340.00300121307
0.104954281142188,4.80632581702032,4.80635183912223,0.463485645956661,0,1,8.5,0,0,30,3217.77805805206
0.0965994792821308,5.0599299640179,5.05993918523584,0.443775372529796,0,1,9,0,0,30,3766.2509367466
0.0891948673195699,5.31386475161457,5.31387014418364,0.425717195966063,0,1,9.5,0,0,30,3547.28693771362
0.0826033303733669,5.56803168014552,5.56801907908392,0.409108193814419,0,1,10,0,0,30,4070.06380391121
0.076711262081362,5.82241550841879,5.82245289060306,0.393777544063962,0,1,10.5,0,0,30,3894.00205612183
0.071423975919099,6.07705775397675,6.07698678294712,0.379590306038808,1.99148946661651E-06,1,11,0,0,30,3999.51769399643
0.0666621047673934,6.33182607810695,6.33179929332951,0.366413487990228,0,1,11.5,0,0,30,3864.71363162994
0.062358759920042,6.58673328492634,6.58671781588733,0.354146542095137,0,1,12,0,0,30,4001.82132387161
0.058457276263162,6.84179379679456,6.84176585839405,0.342695029617338,0,1,12.5,0,0,30,3843.83835911751
0.0549094121733754,7.09692577889416,7.09698007551379,0.331982093123895,0,1,13,0,0,30,3944.39853096008
0.0516739040741692,7.35220926808978,7.35224950049899,0.321936303240977,0,1,13.5,0,0,30,3747.85534882545
0.0487152991767704,7.6076560767152,7.60761666016009,0.312495110486326,0,1,14,0,0,30,4208.18479394913
0.0460030076446582,7.86312437157121,7.8630922227649,0.303607288476478,0,1,14.5,0,0,30,3652.11007881165
0.0435105288097528,8.11867594016871,8.11864863665479,0.295224133441643,0,1,15,0,0,30,3944.27932977676
0.0412148162172718,8.37434273306974,8.37431085727502,0.287302293043969,0,1,15.5,0,0,30,4164.47365164757
0.039095753996261,8.63003599181882,8.62999195943285,0.279806598022377,0,1,16,0,0,30,3864.68656301498
0.0371357229748633,8.88582366812772,8.88577448874147,0.272700342349484,0,1,16.5,0,0,30,3956.76050400734
0.0353192395089702,9.14164261683363,9.14161860187322,0.265956006166982,0,1,17,0,0,30,3995.70334529877
0.0336326535119541,9.39754450529289,9.39752297232245,0.259544918169773,0,1,17.5,0,0,30,3899.64259839058
0.0320638949188928,9.65346037241726,9.65347967692709,0.253444516698432,0,1,18,0,0,30,4075.5689997673
0.0306022599505639,9.9094477573866,9.90946125315345,0.247629779688901,3.56937600283012E-07,1,18.5,0,0,30,4200.64521193504
0.0292382302293012,10.1654907094015,10.1654923508645,0.242082620801845,0,1,19,0,0,30,4119.87106633186
0.0279633191288145,10.4215831774819,10.4216218193617,0.236783121417387,0,1,19.5,0,0,30,3957.7639169693
0.0267699407868044,10.677687713512,10.6777227068341,0.231717169322426,0,1,20,0,0,30,4045.59574508667
0.025651298055775,10.9338893280376,10.9338308271179,0.226868287751826,0,1,20.5,0,0,30,4187.97635293007
0.0246012863378342,11.1900713566048,11.190044580635,0.2222228885986,0,1,21,0,0,30,4168.35241293907
0.0236144107871706,11.4463018027765,11.4462563205547,0.217767798291857,0,1,21.5,0,0,30,4172.20947337151
0.0226857148076709,11.7025463292295,11.7025053827567,0.213492175889987,0,1,22,0,0,30,4368.71740937233
0.0218107181209701,11.9588153149969,11.9588089272379,0.209384485059573,2.97334035168276E-07,1,22.5,0,0,30,4525.96236944199
0.020985362973462,12.2151254287791,12.2151710485239,0.20543517299426,0,1,23,0,0,30,4142.4089486599
0.0202059672853412,12.4714639150745,12.4715167141865,0.201635584474073,0,1,23.5,0,0,30,4171.45739388466
0.0194691837386558,12.72784597756,12.727882637092,0.197976944841314,0,1,24,0,0,30,4287.48871207237
0.0187719639610813,12.9842479438494,12.9842490109272,0.194451515553107,0,1,24.5,0,0,30,4376.70943856239
0.687287118898235,1.20417127927365,1.81069220660666,1.35790567443117,0.328886426082154,1.7783,0,0,1,30,645.101650953293
0.674465537515287,1.2536790331491,1.79820659238956,1.31371290953183,0.281510232735585,1.7783,0.5,0,1,30,2291.5373237133
0.640745939329662,1.42849043302645,1.7235441293148,1.18667749007839,0.132488909727795,1.7783,1,0,0,30,1720.08224320412
0.595184335784097,1.69012268932056,1.69012661743226,1.05534508301522,0,1.7783,1.5,0,0,30,2094.37336683273
0.544152652667277,1.85120795790778,1.85121745509358,0.985806812766796,3.78767659984269E-06,1.7783,2,0,0,30,2206.93788814545
0.492940010097245,2.03547897323938,2.03545553720736,0.917406222133695,1.74512134638276E-05,1.7783,2.5,0,0,30,2052.5199072361
0.444608484706862,2.23610643942197,2.23606778615315,0.853596070194957,0,1.7783,3,0,0,30,1465.36732673645
0.400542154094826,2.44840938294254,2.44844588398795,0.795604817704268,0,1.7783,3.5,0,0,30,1770.9326107502
0.361128000116549,2.66926691985503,2.66931606168497,0.743538646131851,5.09981197798852E-06,1.7783,4,0,0,30,1854.1059691906
0.326232455985734,2.89649057883571,2.89649515446478,0.696992046613363,0,1.7783,4.5,0,0,30,1736.56011843681
0.29548534526022,3.12858110616824,3.12854940695861,0.655405480205367,0,1.7783,5,0,0,30,1896.27237701416
0.268434357886337,3.36435096199172,3.36441043667713,0.618175284230192,0,1.7783,5.5,0,0,30,2692.38379406929
0.244623133766707,3.6031323424522,3.60318682680889,0.584753005927927,1.47711229981493E-06,1.7783,6,0,0,30,2654.98471879959
0.223627217577719,3.84428381678912,3.84429164337245,0.55463922296454,0,1.7783,6.5,0,0,30,3249.68400979042
0.205067839390404,4.08738191519185,4.08738544590807,0.527405044499204,6.89530740188878E-07,1.7783,7,0,0,30,2870.68855214119
0.188614560660882,4.33204326346235,4.33205418021552,0.502677115377553,0,1.7783,7.5,0,0,30,3147.85508227348
0.173982702756949,4.57806702199373,4.57806579898302,0.480142839906534,0,1.7783,8,0,0,30,3291.63170075417
0.160928644199915,4.82516111448932,4.82516196575241,0.459537261934547,1.43094631516594E-06,1.7783,8.5,0,0,30,2866.50359988213
0.149244542800096,5.07323571171016,5.07321693416315,0.440622347434495,0,1.7783,9,0,0,30,3372.07150578499
0.138753225576546,5.3220794534418,5.3220984326243,0.423211101229881,0,1.7783,9.5,0,0,30,3572.45765852928
0.129303564383694,5.57169200365574,5.57163891606928,0.407128095528264,0,1.7783,10,0,0,30,3716.23682165146
0.120766439347501,5.82185410701163,5.82188900650572,0.392232492101636,0,1.7783,10.5,0,0,30,2922.53520107269
0.11303128718943,6.07261242414207,6.07259417575761,0.378400738637818,0,1.7783,11,0,0,30,2782.55335450172
0.106003184928767,6.32383120965664,6.32380822589,0.365517827966222,0,1.7783,11.5,0,0,30,3102.61891746521
0.0996004026955246,6.57540901495895,6.57545911219809,0.353496506447756,0,1.7783,12,0,0,30,3044.15572834015
0.0937523575634508,6.82745037196485,6.82745787212825,0.342249626868859,0,1.7783,12.5,0,0,30,2744.07149195671
0.0883979051314289,7.07977362816487,7.07979985189054,0.331706990328678,0,1.7783,13,0,0,30,2579.78784251213
0.0834839131074437,7.33241064818347,7.33245028432064,0.32180369825925,0,1.7783,13.5,0,0,30,2778.78422117233
0.0789640691865456,7.58536264212457,7.58530439478492,0.312483749310035,0,1.7783,14,0,0,30,2598.04323196411
0.0747978830795162,7.83850658937661,7.83849791946561,0.303696644241155,0,1.7783,14.5,0,1,30,3531.46358346939
0.0709498493141006,8.09183092879483,8.09188758980855,0.295397706204048,0,1.7783,15,0,0,30,2929.04424977303
0.0673887431980042,8.34545214482278,8.34543137955622,0.287548603463547,0,1.7783,15.5,0,0,30,2728.15006947517
0.064087027197254,8.59920424037234,8.59923891687082,0.280111631628643,0,1.7783,16,0,1,30,3458.13846254349
0.0610203490366296,8.85316350407349,8.85320129225748,0.273057091554726,0,1.7783,16.5,0,0,30,2967.20596885681
0.0581671161351814,9.10727310206401,9.10730385559745,0.266353839399252,4.43317695031837E-07,1.7783,17,0,0,30,3078.94778561592
0.055508133728704,9.36154111597654,9.3615113450492,0.259978006557836,0,1.7783,17.5,0,0,30,2820.69677996635
0.053026296266314,9.61590986531129,9.61594300211631,0.253906209327905,0,1.7783,18,0,0,30,2744.05430197716
0.0507063234788569,9.87046716389236,9.87046573038468,0.248114774362816,0,1.7783,18.5,0,0,30,2695.83854341507
0.0485345340139684,10.1250504430077,10.1250874781803,0.242587220907189,0,1.7783,19,0,0,30,2676.05793881416
0.0464986507506931,10.379811638661,10.3798259767641,0.237305177536432,0,1.7783,19.5,0,0,30,2979.19244360924
0.0445876329018153,10.6346917794178,10.634661180061,0.232251278811022,0,1.7783,20,0,0,30,2941.47067928314
0.0427915308300484,10.8896123803378,10.8895676665315,0.227412819095533,1.01044332571492E-07,1.7783,20.5,0,0,30,2521.65136289597
0.0411013601753158,11.1445835400963,11.1446245020736,0.222774616347511,0,1.7783,21,0,0,30,2828.91098189354
0.0395089924502162,11.399718999465,11.3997003309285,0.218325260666009,0,1.7783,21.5,0,0,30,2329.69111776352
0.0380070597085428,11.6548910574627,11.6549098931809,0.214053121252833,0,1.7783,22,0,0,30,2617.28110051155
0.0365888712785655,11.9101628918115,11.9102126692288,0.209947421608903,0,1.7783,22.5,0,0,30,2686.74282217026
0.035248340862017,12.1655403395065,12.1654783730379,0.205999390549039,0,1.7783,23,0,0,30,2601.07962298393
0.0339799225627767,12.4208898530669,12.4208990850742,0.202199635581434,0,1.7783,23.5,0,0,30,2616.6146812439
0.0327785546259524,12.6763687663691,12.6764072698978,0.198539384078806,0,1.7783,24,0,0,30,2668.08354377747
0.031639609852543,12.9319055969924,12.9318571173776,0.195011926267072,0,1.7783,24.5,0,0,30,2343.0307943821
0.603680480493426,2.02415287434161,2.02418974242982,0.905912683001828,0,3.1623,0,0,0,30,483.200369358063
0.599025338356962,2.04151084271862,2.04149538743154,0.900110870981902,0,3.1623,0.5,0,2,30,1717.98703575134
0.585615560830392,2.0925508107854,2.09250764044028,0.883482824990593,0,3.1623,1,0,2,30,2742.4370071888
0.564937765951052,2.17460964061397,2.17464533269304,0.858087402422233,0,3.1623,1.5,0,3,30,3271.34450626373
0.538977771561576,2.28422727471728,2.28424134730495,0.826555492127424,8.5186569671254E-06,3.1623,2,0,3,30,3290.14610767365
0.509763902326244,2.41721171904812,2.41719522666267,0.791469663523804,0,3.1623,2.5,0,2,30,2695.27862334251
0.479052504882541,2.56980794263968,2.56979083290909,0.754963420427011,0,3.1623,3,0,2,30,2711.25030469894
0.44819310421887,2.73846938875281,2.73852139937967,0.718580352481329,5.08660376724468E-06,3.1623,3.5,0,1,30,3074.88442897797
0.418125790776516,2.92045452837149,2.92049027146279,0.683301526343857,0,3.1623,4,0,1,30,3017.84195303917
0.389445609062767,3.11323714535181,3.11325125901217,0.649733868156904,0,3.1623,4.5,0,1,30,2999.69375753403
0.362486046482608,3.31489286221355,3.31490498308559,0.618176569916645,0,3.1623,5,0,1,30,3215.6968164444
0.337396386785744,3.52395516850074,3.52390918100233,0.588712958648564,2.21647066416648E-07,3.1623,5.5,0,1,30,3893.80328464508
0.314203662542007,3.73906379768058,3.73907641477084,0.561336420050412,0,3.1623,6,0,1,30,4064.86101150513
0.292858336473761,3.95918844897135,3.95926805651941,0.535963009662887,0,3.1623,6.5,0,1,30,4340.02280759811
0.273266210479652,4.1836769960268,4.18364197873289,0.512465984771176,0,3.1623,7,0,1,30,4184.38678836823
0.255309833524315,4.41170413347022,4.41166028496577,0.49070830922871,0,3.1623,7.5,0,1,30,4812.04023909569
0.238862369169005,4.64282920460809,4.64282362362885,0.470543722465764,0,3.1623,8,0,1,30,4911.65586662293
0.223796254189443,4.87653510573843,4.87649712417738,0.451847201204316,0,3.1623,8.5,0,1,30,4494.47466468811
0.209988358198493,5.11250986691246,5.11251479901822,0.434474371166128,0,3.1623,9,0,1,30,4765.24022936821
0.197322845842285,5.35042199661623,5.35041150976695,0.418321843108398,8.84820908426155E-07,3.1623,9.5,0,1,30,4482.12623953819
0.185692563264076,5.59007544547461,5.59005194783632,0.403264129944455,3.90235199038035E-07,3.1623,10,0,1,30,4162.9257414341
0.174999500205409,5.83113608226145,5.83119363564502,0.389214656943272,0,3.1623,10.5,0,1,30,4990.68123912811
0.165154691766102,6.07359521531691,6.07358252064818,0.37607794364646,0,3.1623,11,0,1,30,5116.29175424576
0.156077797185785,6.31715588950345,6.3171722233646,0.363773783789459,0,3.1623,11.5,0,1,30,4676.45271515846
0.147696507925621,6.56178051862564,6.56175639761647,0.352230036712035,0,3.1623,12,0,1,30,4364.04900240898
0.139945881088239,6.8072665734041,6.80730805849208,0.34138236336944,0,3.1623,12.5,0,1,30,4634.46354866028
0.132767657259283,7.05360186252582,7.05362572920146,0.331173098614706,0,3.1623,13,0,1,30,4874.71361160278
0.126109597759253,7.30065663359463,7.30068405177233,0.321547911316874,7.40250206465426E-07,3.1623,13.5,0,1,30,5090.42731761932
0.119924860837083,7.54837839326826,7.54838115220407,0.312461216275859,0,3.1623,14,0,2,30,5403.59508275986
0.114171426452123,7.7967330771334,7.79672810583061,0.303869570837142,0,3.1623,14.5,0,1,30,4580.25517010689
0.108811573188465,8.04558298897254,8.04557945230731,0.295735154698954,0,3.1623,15,0,1,30,4916.0895023346
0.103811407105907,8.29498008506295,8.29492720509616,0.288021881045415,0,3.1623,15.5,0,1,30,4974.39901638031
0.0991404402065641,8.54478182155971,8.54473840756486,0.28070068955086,0,3.1623,16,0,1,30,4849.29056572914
0.0947712150219685,8.79499541944259,8.79494770614856,0.273741839581414,0,3.1623,16.5,0,1,30,4871.7170522213
0.0906789713489509,9.04556191349547,9.04556317731899,0.267119908902466,0,3.1623,17,0,1,30,4729.89205884934
0.0868413510028191,9.29653598292903,9.29651860778329,0.260809891083928,0,3.1623,17.5,0,1,30,4885.52891802788
0.0832381365924046,9.54777495443428,9.54775858271836,0.254792679001561,0,3.1623,18,0,1,30,5231.27935814858
0.0798510205389108,9.79933380821728,9.79930141100012,0.249047221366316,0,3.1623,18.5,0,1,30,5443.94690918922
0.0766634008840006,10.0511814236742,10.0511499265812,0.243555863219191,0,3.1623,19,0,1,30,5280.33095479012
0.0736602007352148,10.3032595744853,10.3032199183418,0.23830323238211,0,3.1623,19.5,0,1,30,5184.42870140076
0.0708277085477311,10.5555998653739,10.5555625746026,0.233272733944868,0,3.1623,20,0,1,30,4884.07533359528
0.0681534367354759,10.8080803087463,10.8081348353006,0.228452115396516,0,3.1623,20.5,0,1,30,5098.45955967903
0.0656259964019206,11.0608604843712,11.0608420655043,0.223827524470292,0,3.1623,21,0,1,30,5192.53943228722
0.06323498624244,11.3137512080739,11.3137910464634,0.21938727854812,0,3.1623,21.5,0,1,30,5508.7128405571
0.060970893909617,11.5669184308009,11.5669181797791,0.215121200772461,0,3.1623,22,0,1,30,5524.4350001812
0.0588250083380322,11.8202180434048,11.8201824712408,0.211018751716541,0,3.1623,22.5,0,1,30,5790.79098248482
0.0567893417168871,12.0736013560915,12.0736076441462,0.207071628725042,3.33376060721214E-08,3.1623,23,0,1,30,5667.65229845047
0.0548565599594686,12.3272246859978,12.3271973280535,0.203270124604995,2.16112930746502E-07,3.1623,23.5,0,1,30,5753.47716331482
0.0530199206667087,12.5809407418693,12.5809219457826,0.199606538547036,0,3.1623,24,0,1,30,5194.79147601128
0.0512732176990818,12.8347541414665,12.8348065350493,0.19607421105612,0,3.1623,24.5,0,1,30,5374.18503332138
0.486569713286171,2.87013839825598,2.87012382619627,0.681997568623633,0,5.6234,0,0,0,30,651.169785499573
0.485003777165036,2.8800050599747,2.88001977174917,0.680179469654746,0,5.6234,0.5,0,3,30,2223.19328451157
0.480381428590552,2.90941617046529,2.90936435123309,0.674827867385539,0,5.6234,1,0,3,30,2424.33554053307
0.472919102118216,2.9578609129176,2.95780346727399,0.666195102070309,0,5.6234,1.5,0,3,30,2496.13816666603
0.462946902010592,3.02450288627905,3.02452498314431,0.654699688922843,0,5.6234,2,0,3,30,2436.16303110123
0.450870490849378,3.1085158807624,3.10848904608891,0.640809031884769,0,5.6234,2.5,0,3,30,3029.50937819481
0.437130251974935,3.20862434444982,3.20863215721789,0.625064086131111,0,5.6234,3,0,3,30,3001.20449209213
0.422164724604982,3.3235511462577,3.32357478724562,0.607982180233448,5.76401945809236E-06,5.6234,3.5,0,3,30,3385.13000702858
0.406382640743248,3.45216348925868,3.45217464984899,0.590009397942949,0,5.6234,4,0,3,30,3555.8520128727
0.390144973961684,3.59319946220958,3.59319671888901,0.571570168420423,0,5.6234,4.5,0,3,30,3486.73242306709
0.373756188283669,3.74540921290071,3.74536948854886,0.553000384943524,0,5.6234,5,0,3,30,3760.09390616417
0.357462677602094,3.90762156758447,3.90766162221516,0.534572920777296,0,5.6234,5.5,0,3,30,3783.75241446495
0.341456073239477,4.07896370461515,4.07894594380515,0.516478489177208,0,5.6234,6,0,3,30,5154.12129688263
0.325879341038521,4.25843443333108,4.25841434137351,0.498870126755413,1.24291232834018E-06,5.6234,6.5,0,3,30,5343.73411750794
0.310834075610604,4.44507255868977,4.44507509009563,0.481852423201502,0,5.6234,7,0,3,30,5793.72269678116
0.296387914779517,4.63819028431748,4.63821721410946,0.465492777577415,0,5.6234,7.5,0,3,30,5971.74601268768
0.282581432832645,4.83714930464337,4.83710554975391,0.449824863882414,0,5.6234,8,0,3,30,6008.22959733009
0.269434192588484,5.04121595331197,5.04121737192549,0.434863401640283,4.70061774025475E-07,5.6234,8.5,0,3,30,5914.17436480522
0.256949849738795,5.24990207484081,5.24992657133788,0.420609173776388,8.71565193663396E-07,5.6234,9,0,3,30,6151.723944664
0.245120330709967,5.4627226214833,5.46276037476861,0.407050492758177,0,5.6234,9.5,0,3,30,5991.2969083786
0.233929172471233,5.67928443009623,5.67922291002721,0.394165135096787,0,5.6234,10,0,3,30,6157.09291982651
0.223354140927713,5.89904374650775,5.89907746575789,0.381928725806096,0,5.6234,10.5,0,3,30,6156.75898838043
0.213369248753957,6.12185722601993,6.12186159317798,0.37030876124791,0,5.6234,11,0,3,30,6048.86760902405
0.203946285766942,6.34726293110204,6.34729242030925,0.359280744796158,0,5.6234,11.5,0,3,30,6279.48484635353
0.195055960860508,6.57514488546291,6.57511987852908,0.348805330369575,0,5.6234,12,0,3,30,5882.85595560074
0.186668739146643,6.80517387120896,6.80514804884184,0.338857788984182,3.71732056506655E-08,5.6234,12.5,0,3,30,6435.80083537102
0.178755442883749,7.03715867292212,7.03716041418168,0.329406647634137,0,5.6234,13,0,3,30,6433.6627664566
0.171287671396284,7.2708613201351,7.27088714993425,0.32042098583422,0,5.6234,13.5,0,3,30,6487.74763679504
0.164238083685726,7.50621473177324,7.50627151657661,0.311871391719292,0,5.6234,14,0,3,30,6263.64658474922
0.157580578001777,7.74303355613838,7.74306767013151,0.303734133067803,0,5.6234,14.5,0,3,30,6349.06405425072
0.151290394912667,7.98116946289907,7.98121499193915,0.295981698938202,0,5.6234,15,0,3,30,6270.39212322235
0.145344164338312,8.2205492342264,8.22054709082457,0.288591968849996,0,5.6234,15.5,0,3,30,6656.03447055817
0.139719912140011,8.46101455293986,8.46099487645239,0.281541316057951,0,5.6234,16,0,3,30,6542.46202683449
0.134397038130851,8.70243847859148,8.70248352119538,0.27481112917759,0,5.6234,16.5,0,3,30,6415.81330895424
0.129356274428354,8.94488403557651,8.94487090445309,0.268379106180249,0,5.6234,17,0,3,30,6542.06623244286
0.124579630819838,9.18814249467187,9.18813173559874,0.262230391864193,0,5.6234,17.5,0,3,30,6683.43580651283
0.12005033211962,9.43220852527851,9.43217455965714,0.256345097680209,0,5.6234,18,0,3,30,6493.71306467056
0.115752751137449,9.67692802580078,9.67692103140481,0.250710490578115,0,5.6234,18.5,0,3,30,6619.28263425827
0.111672339905564,9.92241522896276,9.92235323214237,0.245309852158077,0,5.6234,19,0,3,30,6541.48594212532
0.107795561056546,10.1684526091838,10.1684288551678,0.240130225458461,0,5.6234,19.5,0,3,30,6628.19699454308
0.104109820661055,10.4150351465083,10.4150573570665,0.235159531224313,0,5.6234,20,0,3,30,6571.91533279419
0.100603403428203,10.6621699558333,10.6622154790498,0.230385296124531,0,5.6234,20.5,0,3,30,6578.92197465897
0.0972654108368446,10.9099007168024,10.9098464420225,0.225796622595694,0,5.6234,21,0,3,30,6363.43586349487
0.0940857025440161,11.1579931738113,11.1579436003795,0.221383981911786,0,5.6234,21.5,0,3,30,6432.31386375427
0.0910548412458113,11.4065054441284,11.4064795267489,0.217136779404319,0,5.6234,22,0,3,30,6685.89882969856
0.0881640410407994,11.6554583773291,11.6554027603613,0.21304710925236,0,5.6234,22.5,0,3,30,6618.52502346039
0.0854051192594552,11.9047633793878,11.9047125414411,0.209106557772361,0,5.6234,23,0,0,30,3886.09212350845
0.082770451661364,12.1543733484321,12.1543952405215,0.205306776403817,0,5.6234,23.5,0,0,30,4315.41163349152
0.0802529308704924,12.4043724777761,12.4044042755365,0.201641258878826,0,5.6234,24,0,0,30,3822.13939857483
0.0778459278810505,12.6546515317285,12.6546553256797,0.198102757825206,0,5.6234,24.5,0,0,30,3651.92658758163
0.362415891527294,4.11903504396122,4.11901636758343,0.505432824822695,0,10,0,0,0,30,602.989543199539
0.361955528245222,4.12450503903354,4.12452106302907,0.504896513956525,2.48821134833559E-06,10,0.5,0,4,30,2170.6785235405
0.360582861921264,4.14080700334036,4.14083339955734,0.503301420947745,2.40040516671309E-06,10,1,0,4,30,2246.29073524475
0.358322747937826,4.16800743859445,4.16799881354824,0.500671194938956,0,10,1.5,0,4,30,2264.09253048897
0.355215267489024,4.20587830879076,4.2058400071425,0.497051274171659,0,10,2,0,3,30,2003.61962342262
0.351313843499402,4.2542003443853,4.25423321909263,0.492509554075995,3.19219233522088E-07,10,2.5,0,3,30,2142.03669834137
0.346682847110422,4.31291778137851,4.31290439113375,0.487118374125438,7.06904081085786E-07,10,3,0,1,30,2081.39787817001
0.341394895003407,4.38163030131869,4.38165900917024,0.48096379135093,0,10,3.5,0,3,30,1896.18816590309
0.335528043273007,4.46019472226726,4.4601431784892,0.474130204694059,0,10,4,0,1,30,1941.67891335487
0.329163065257894,4.54818866113739,4.54819807112521,0.466716634571852,0,10,4.5,0,3,30,1894.64321112633
0.322380965269151,4.64531672081693,4.64536034969363,0.45881741040408,0,10,5,0,2,30,2978.19665002823
0.315260835585199,4.75133590557768,4.75135586795411,0.450517328291352,0,10,5.5,0,1,30,2177.67891192436
0.307878117456209,4.86581966995894,4.86578278188042,0.441906508294235,0,10,6,0,1,30,1973.51565885544
0.300303284934608,4.98836396262748,4.98834174877812,0.433066981906896,3.09210076828179E-07,10,6.5,0,2,30,2522.23791265488
0.292600936534509,5.11870481557437,5.11871225131764,0.424074800982805,0,10,7,0,2,30,2426.98979353905
0.284829255459936,5.25639567196249,5.25640714876659,0.414992252439395,0,10,7.5,0,2,30,2409.09783434868
0.277039784855605,5.40114419676543,5.40116467215211,0.405884049662514,0,10,8,0,2,30,2456.65698099136
0.269277458257348,5.55262505879944,5.55264879125288,0.396793564857741,0,10,8.5,0,2,30,2498.24222540855
0.261580825564771,5.7103446637643,5.71037119422278,0.3877789557542,0,10,9,0,3,30,2570.58728289604
0.253982419426516,5.87409947938607,5.87413810421764,0.378864960618307,0,10,9.5,0,3,30,2583.78138208389
0.246509214070582,6.04354287849736,6.04354845658729,0.370091043092308,1.02063159006609E-06,10,10,0,2,30,3172.28578042984
0.239183136678636,6.21824491419686,6.21827542283931,0.361479406409882,1.2943600198165E-06,10,10.5,0,2,30,3206.54151844978
0.232021599878684,6.39804190651818,6.39801672943535,0.353048724084146,0,10,11,0,2,30,3138.94914913178
0.225038031498777,6.58251022258036,6.5824730879745,0.344819481750867,0,10,11.5,0,2,30,3461.82052183151
0.218242384541751,6.77140712644797,6.77141299357638,0.336798458414635,0,10,12,0,2,30,3239.98245191574
0.211641615908342,6.96443466936708,6.96446477118972,0.328997504750495,0,10,12.5,0,2,30,6299.53248882294
0.205240126923399,7.161353454157,7.16137811141999,0.321420226833873,0,10,13,0,2,30,6144.20559835434
0.199040162182707,7.36194862364449,7.36199043994361,0.314069883522927,0,10,13.5,0,2,30,6251.01495957375
0.193042165758323,7.56598999443132,7.56601698258605,0.306945746723732,7.98307205543282E-08,10,14,0,2,30,6227.00237369537
0.187245095668973,7.77319547844331,7.77319074217916,0.300047002018789,0,10,14.5,0,2,30,6314.56726670265
0.181646698703811,7.9833880408579,7.98335740532289,0.293373438604548,0,10,15,0,2,30,5858.84626626968
0.176243748446889,8.19631749946103,8.19633341930815,0.286919370174083,0,10,15.5,0,2,30,5812.41684937477
0.171032249759163,8.41189929365029,8.41186546447446,0.280681529303705,3.52469183639742E-07,10,16,0,2,30,5971.72468400002
0.166007613117622,8.62980555773484,8.6298298307789,0.274654800700331,0,10,16.5,0,2,30,6302.26652646065
0.161164802185274,8.85004278889542,8.85002991718277,0.268831069430466,3.27622040183437E-07,10,17,0,2,30,6611.98219847679
0.156498457853466,9.07241044213542,9.0723969379397,0.263204244161049,0,10,17.5,0,2,30,6380.29226589203
0.152003001769968,9.2967198516911,9.29667391099926,0.25777234500384,0,10,18,0,2,30,6239.93768143654
0.147672722098498,9.52286557690504,9.52282108804502,0.252524787642345,0,10,18.5,0,2,30,6926.64592027664
0.143501844031322,9.75066597128888,9.75069700580582,0.247456772252519,0,10,19,0,2,30,6455.87703490257
0.139484587239088,9.98013165025097,9.98016657742453,0.242560277994986,0,10,19.5,0,2,30,6572.84741044045
0.135615212226032,10.2111036470993,10.2111025386456,0.237830428456543,0,10,20,0,2,30,6280.03659152985
0.131888057301148,10.4434544067227,10.4434850676267,0.233259241676482,0,10,20.5,0,2,30,6676.23254537582
0.128297567641131,10.6770923761127,10.677083480124,0.228842239519837,5.23507521986777E-07,10,21,0,2,30,6672.45545005798
0.12483831772918,10.9119501406613,10.9120051202165,0.224571411414455,0,10,21.5,0,2,30,6619.40391969681
0.121505028268615,11.1480076815134,11.1480002396073,0.220442012107462,0,10,22,0,2,30,6367.7646446228
0.118292578509764,11.3850289437194,11.3850668794934,0.216448744161016,1.3187256363061E-07,10,22.5,0,2,30,6468.99156475067
0.115196014791186,11.6231320732129,11.623144195856,0.212585290916347,5.04066853039191E-07,10,23,0,2,30,6459.12818098068
0.112210555970762,11.8621456324086,11.8621363936526,0.208846554582472,1.85963800420742E-07,10,23.5,0,2,30,6585.52924180031
0.10933159632328,12.1020629534945,12.102038950204,0.205225872126639,0,10,24,0,2,30,6537.30930685997
0.106554706379421,12.3427902164165,12.3427534821083,0.201720217912908,0,10,24.5,0,2,30,6224.36511039734
0.252570377648832,5.97031999246528,5.97030683205915,0.36948921050018,0,17.7828,0,0,0,50,268.396697044373
0.252449643183885,5.9732365706139,5.97324560615089,0.369338617179543,0,17.7828,0.5,0,9,30,2641.1030766964
0.252088240908971,5.98208078393656,5.98205065928898,0.368892744467171,0,17.7828,1,0,9,30,5303.55490899086
0.251488560140236,5.99678689984547,5.99676113362122,0.368147682881652,0,17.7828,1.5,0,9,30,5192.23878359795
0.250654536764848,6.0173581709041,6.01736584945457,0.367112446122424,0,17.7828,2,0,9,30,5315.1758146286
0.249591585413765,6.04374760567429,6.04371971017319,0.365795409826498,0,17.7828,2.5,0,9,30,5324.20602416992
0.248306507659638,6.07594760466146,6.07597801412368,0.364197373107139,0,17.7828,3,0,12,30,6810.85383653641
0.246807379200546,6.11395496790913,6.11392891347933,0.362333824685541,0,17.7828,3.5,0,12,30,6684.4947040081
0.245103419590523,6.15771973030684,6.15769424743846,0.360213013600751,6.53977773434775E-07,17.7828,4,0,12,30,6972.0776693821
0.243204848371524,6.20713814448204,6.20713233620547,0.357848195052421,0,17.7828,4.5,0,9,30,5796.66418099403
0.241122731800144,6.26227279837891,6.26223561677812,0.35525193807904,3.21298727339398E-07,17.7828,5,0,9,30,5870.95993113518
0.238868824263718,6.32299214552693,6.32297578780052,0.352437054746547,0,17.7828,5.5,0,12,30,7685.80427050591
0.236455408418129,6.38920844195021,6.38921902992611,0.349420317324912,0,17.7828,6,0,10,30,6461.27105116844
0.233895137741902,6.46099497623537,6.46095978502652,0.346212425143092,3.9972012824579E-07,17.7828,6.5,0,13,30,7367.29173064232
0.231200884785876,6.53813851871014,6.53813546102114,0.342832523222031,0,17.7828,7,0,9,30,6630.42022156715
0.228385597962677,6.6206524251801,6.62066955393619,0.339296424955799,0,17.7828,7.5,0,6,30,4541.83051967621
0.225462169093079,6.70848373696988,6.70849027745345,0.335617591058498,0,17.7828,8,0,6,30,5833.98216366768
0.22244331344027,6.80155858553109,6.80153877974246,0.331809118703109,0,17.7828,8.5,0,6,30,5755.15128350258
0.219341463383187,6.89973491886563,6.89976032007645,0.32789222051739,0,17.7828,9,0,6,30,5860.97240543366
0.216168676346201,7.00301204286169,7.00299156770052,0.323875980745984,2.77108450177471E-07,17.7828,9.5,0,6,30,5868.01811218262
0.212936557201882,7.11118467440669,7.11116177645186,0.319779923652451,0,17.7828,10,0,5,30,5439.10942339897
0.209656194875118,7.22431912761587,7.22432399280613,0.315611651981353,0,17.7828,10.5,0,5,30,5674.63833856583
0.206338112620428,7.34224141652591,7.34222593055768,0.311389028313495,2.33276277026151E-07,17.7828,11,0,5,30,5466.99081873894
0.202992231157181,7.46492744874638,7.46489126546348,0.30712204464351,1.67281187110628E-07,17.7828,11.5,0,5,30,5594.1448829174
0.199627843624772,7.59219242560873,7.59216603211019,0.30282344764858,5.85006086245356E-08,17.7828,12,0,5,30,5307.97880125046
0.196253601244131,7.72402259342319,7.72403000709092,0.298502584575124,0,17.7828,12.5,0,5,30,5545.82965803146
0.192877508464216,7.86031288942873,7.86029355151684,0.294173283750987,0,17.7828,13,0,5,30,5819.22136354446
0.189506926353749,8.00087676648241,8.00087494745581,0.289842918486765,5.68950584553005E-07,17.7828,13.5,0,9,30,7391.03730368614
0.18614858301831,8.14577233540312,8.14577250405454,0.285517991760311,0,17.7828,14,0,8,30,6979.78677749634
0.182808589875058,8.29475284970363,8.29476914283235,0.281212172362828,0,17.7828,14.5,0,9,30,7412.13546419144
0.179492462672379,8.44785896569704,8.44786083445238,0.276927995959634,0,17.7828,15,0,9,30,7547.57788586617
0.176205146242454,8.60483061138408,8.60486481270755,0.272674591102194,0,17.7828,15.5,0,9,30,7332.86107349396
0.172951042069297,8.76568822262636,8.76572797527655,0.268457333452543,0,17.7828,16,0,5,30,6142.93171405792
0.16973403784006,8.9303026635302,8.93028003888178,0.264282714557277,1.98538589101204E-07,17.7828,16.5,0,4,30,5703.39505910873
0.166557538278017,9.09854016779126,9.09854478261268,0.260153863575201,8.83507809177514E-07,17.7828,17,0,5,30,6883.87474179268
0.163424496634498,9.27031706732764,9.27029097640541,0.256075254686136,0,17.7828,17.5,0,5,30,7750.78027629852
0.160337446304919,9.44545673478955,9.44547713735479,0.252052719136939,0,17.7828,18,0,5,30,8069.6036131382
0.157298532162073,9.6239025839141,9.6238937625199,0.248087612178135,0,17.7828,18.5,0,5,30,8065.47564482689
0.154309541221438,9.80561320267919,9.8056133873291,0.244182652090252,0,17.7828,19,0,5,30,8176.33913636208
0.151371932380307,9.99039329812316,9.99036496949063,0.240341955832222,0,17.7828,19.5,0,5,30,8287.99326658249
0.148486865007006,10.1781465898232,10.1781638040403,0.236565490892706,0,17.7828,20,0,7,30,9976.9661462307
0.145655226212822,10.3688130022272,10.3688078911901,0.232855836951845,0,17.7828,20.5,0,5,30,8288.87857699394
0.142877656706075,10.5622932319789,10.5622587166344,0.229214047807149,0,17.7828,21,0,7,30,9956.06219172478
0.140154575146619,10.7584119416228,10.7583837174577,0.22564118400405,0,17.7828,21.5,0,7,30,9718.42341566086
0.137486200972902,10.957126914936,10.957091134248,0.22213721162654,0,17.7828,22,0,7,30,10291.5257465839
0.134872575685183,11.1583035889261,11.1582921141247,0.218702662183623,0,17.7828,22.5,0,7,30,9403.00035262108
0.13231358260347,11.3618969638124,11.3618939190813,0.215336969792248,0,17.7828,23,0,7,30,10040.8963515759
0.129808965137581,11.5677432087276,11.5677457210011,0.21204268681094,0,17.7828,23.5,0,7,30,10355.86465168
0.127358343604453,11.775822320569,11.7758178531129,0.208816586626827,0,17.7828,24,0,7,30,10209.8755311966
0.124961230664421,11.9860327399899,11.9860080429619,0.205659813925684,0,17.7828,24.5,0,7,30,10024.747428894
0.166781764406674,8.72124821320357,8.72122341979733,0.267041586925093,5.85573742721317E-08,31.6228,0,0,2,30,709.131558179855
0.166752938689412,8.72276656942161,8.72277099332279,0.267001472243971,8.42446022678528E-08,31.6228,0.5,0,21,30,4072.90816235542
0.16666652847443,8.72739082588456,8.72735475680702,0.266883285001312,0,31.6228,1,0,24,30,4158.18159270287
0.166522734178273,8.73513652129229,8.73511602168323,0.266684916918683,0,31.6228,1.5,0,21,30,4021.82207036018
0.166321888485127,8.74597383465456,8.74594291025155,0.266406950366718,3.62887158026549E-07,31.6228,2,0,26,30,4253.07230997086
0.166064454360348,8.75993527676168,8.75992164935597,0.266050633822508,6.18154147495757E-07,31.6228,2.5,0,24,30,4056.51204323769
0.16575102229008,8.77693636737034,8.77695739161508,0.265616657345795,0,31.6228,3,0,26,30,4424.06447911263
0.165382306791798,8.79702601737491,8.79703837877036,0.265107155474014,0,31.6228,3.5,0,21,30,3811.47131872177
0.16495914223005,8.82028479346513,8.82027947926985,0.264521088231632,4.07004852303911E-07,31.6228,4,0,24,30,3965.29758572578
0.164482477984132,8.84655520548028,8.84651680656891,0.263860434996011,0,31.6228,4.5,0,26,30,4847.19281077385
0.16395337301443,8.87587508209046,8.8758691272263,0.263127465773039,3.97593147898376E-07,31.6228,5,0,26,30,4935.29305720329
0.163372989904279,8.90833763646972,8.90832729161024,0.262321353185639,0,31.6228,5.5,0,24,30,4711.16764736176
0.162742588410182,8.94388292065185,8.94389376619456,0.261444045316686,0,31.6228,6,0,21,30,5291.28494501114
0.162063518619946,8.982447759993,8.98244116082074,0.260501162338751,7.70137651523703E-07,31.6228,6.5,0,24,30,5792.94206953049
0.161337213760826,9.02412896996409,9.02414063767434,0.259488003765543,0,31.6228,7,0,26,30,5766.39926314354
0.160565182735469,9.06885693247085,9.06884576985001,0.258411933380969,7.31223571467896E-08,31.6228,7.5,0,28,30,7012.54165458679
0.159749002465872,9.11661057750802,9.11657952183761,0.257272255035141,0,31.6228,8,0,28,30,7477.94825863838
0.158890310097401,9.16740294533134,9.16738690401911,0.256071533884118,0,31.6228,8.5,0,24,30,7509.890406847
0.157990795144038,9.2212644453296,9.22126553425911,0.254812494073797,0,31.6228,9,0,21,30,7472.15852594376
0.157052191626419,9.27813444075871,9.27818006374273,0.253495962927132,0,31.6228,9.5,0,19,30,7176.14538240433
0.15607627028633,9.33807117618664,9.3380318019239,0.252126121914366,0,31.6228,10,0,21,30,6741.80667972565
0.155064830902897,9.40098323308192,9.4010010180064,0.250702309645284,1.01313586524095E-07,31.6228,10.5,0,21,30,7353.05399942398
0.154019694797557,9.46696659519542,9.46698799961863,0.249229317363982,1.00541053842265E-07,31.6228,11,0,20,30,6846.22232890129
0.152942697552008,9.53586802580005,9.53590037513703,0.247710256133348,3.35854360546728E-08,31.6228,11.5,0,17,30,5798.9673576355
0.151835681992049,9.60786214672978,9.60783587835988,0.246143898691082,0,31.6228,12,0,20,30,5130.9571416378
0.150700491475333,9.68280504092656,9.68278485035785,0.244535790573139,1.79601542628748E-07,31.6228,12.5,0,17,30,4558.37023997307
0.149538963513597,9.76072351263181,9.76071604740386,0.24288658529855,0,31.6228,13,0,2,50,1528.47760939598
0.148352923753997,9.84161831810308,9.84162322216644,0.241199655302134,6.94911343949378E-08,31.6228,13.5,0,17,30,8446.66636991501
0.147144180345894,9.92552995620012,9.92553761668986,0.239476099188205,0,31.6228,14,0,12,30,5939.52804303169
0.14591451870315,10.0123249974751,10.0123405406219,0.237719815799172,0,31.6228,14.5,0,17,30,7521.75210618973
0.144665696679647,10.1021193569437,10.1021464737291,0.23593183885457,0,31.6228,15,0,18,30,8475.70237922669
0.143399440158502,10.1948358836592,10.1948425213597,0.234115604281835,0,31.6228,15.5,0,16,30,7871.84494495392
0.142117439059564,10.290488571016,10.2905223791626,0.232272932460456,2.82633111859372E-07,31.6228,16,0,16,30,7457.33486843109
0.14082134376548,10.3890534159862,10.3890731176125,0.230405909886597,0,31.6228,16.5,0,17,30,8559.36087727547
0.139512761953184,10.4905422410775,10.4905328824028,0.22851634497216,0,31.6228,17,0,18,30,8367.83809494972
0.138193255833219,10.5948864153396,10.5948511566136,0.226607453927285,0,31.6228,17.5,0,16,30,7881.20828437805
0.136864339773758,10.7020946820251,10.7020992593738,0.224680842834907,0,31.6228,18,0,16,30,7428.80146121979
0.135527478301334,10.8121708222952,10.8121719244727,0.222738579041086,0,31.6228,18.5,0,20,30,9374.09722280502
0.134184084465312,10.9251372743392,10.9251534677006,0.220781889165024,0,31.6228,19,0,16,30,7845.66397047043
0.132835518536939,11.0409488858179,11.0409334955787,0.218813561637483,0,31.6228,19.5,0,14,30,6965.26315331459
0.131483087037731,11.1595741433107,11.1596071223426,0.216835232906823,0,31.6228,20,0,16,30,8347.36938476563
0.130128042067168,11.2810133743369,11.2810042268449,0.214848663663157,0,31.6228,20.5,0,16,30,8677.54930591583
0.128771580912955,11.4052477084342,11.4052603051095,0.212855496881723,1.85344177650405E-08,31.6228,21,0,14,30,7362.2225124836
0.127414845924412,11.5322830216354,11.5322539729504,0.210858469392207,0,31.6228,21.5,0,14,30,7554.53792667389
0.126058924623543,11.6620471023641,11.6620408730046,0.208857873414602,1.89791816716974E-07,31.6228,22,0,14,30,6581.72684621811
0.124704850037724,11.7945480851355,11.7945509633642,0.206856119303064,0,31.6228,22.5,0,14,30,6712.27633881569
0.123353601230067,11.9298139706843,11.9298103359752,0.204853675314641,0,31.6228,23,0,13,30,7064.62347722054
0.122006104009632,12.0677445908241,12.0677245488682,0.202854397629075,2.095739645369E-08,31.6228,23.5,0,14,30,7328.66257214546
0.120663231799164,12.2083518037887,12.2083613854084,0.200856704717657,0,31.6228,24,0,12,30,6046.35236597061
0.119325806645811,12.3516445114754,12.3516535300775,0.198863842463517,0,31.6228,24.5,0,16,30,8674.14037656784
