P_max,OmegaP,OmegaM,t_max,Mu,Gamma_e,delta_a,delta_f,number_of_fails,mp.dps,ComputTime
0.0586369929726076,0.180786006236322,0.099005658908758,7.90067599237298,0,0.01,0,0,0,30,278.769225120544
0.0308177020069993,0.600718529865548,0.406153950891144,2.86755605749595,0,0.01,0.5,0,1,30,573.295952558518
0.0187617202313798,0.835775015554649,0.767374409646226,1.95657207199229,0,0.01,1,0,0,30,423.765238285065
0.0131504227677689,0.940610798949145,1.16607541382404,1.60461252820798,0,0.01,1.5,0,0,30,462.693140506744
0.0100435963510718,0.983209747667451,1.57909559237891,1.43521000814567,0,0.01,2,0,0,30,379.012639760971
0.008103425934195,1.00228731441778,1.99408809328202,1.33933717182903,0,0.01,2.5,0,0,30,510.19336605072
0.0067847978956395,1.01216718769077,2.40797462225381,1.27824790234113,0,0.01,3,0,0,30,556.630153179169
0.0058326382083897,1.01798620565698,2.82058730199388,1.23584844873091,0,0.01,3.5,0,0,30,504.409291744232
0.005113640120092,1.0217058664056,3.23205791006749,1.20474593014936,0,0.01,4,0,1,30,740.606778383255
0.0045518403991474,1.0242613342462,3.64268532071096,1.18090717935798,0,0.01,4.5,0,1,30,872.279775381088
0.0041009223845656,1.02609333175868,4.05262568674991,1.16205441888593,0,0.01,5,0,3,30,998.939679861069
0.0037310874703259,1.02742287612035,4.46216004857845,1.14678585557847,0,0.01,5.5,0,1,30,780.818400144577
0.0034223132087769,1.02846082921022,4.87131307399378,1.13413313986872,0,0.01,6,0,1,30,765.995838165283
0.003160656255249,1.02927428534754,5.28015689963941,1.1234800462147,0,0.01,6.5,0,4,30,1862.24597072601
0.0029361118583352,1.02993429135153,5.68876996142039,1.11440662415716,0,0.01,7,0,3,30,1804.7278585434
0.0027413168611026,1.03044760248759,6.09725359060861,1.10659136914745,0,0.01,7.5,0,1,30,794.163549184799
0.0025707328911742,1.0308767846479,6.50555666273433,1.09976549217324,0,0.01,8,0,2,30,1838.03908705711
0.0024201146407268,1.03123541348905,6.91373094354734,1.09375922384359,0,0.01,8.5,0,3,30,1932.58566021919
0.0022861536512288,1.03153228136458,7.32174933161182,1.08844135774675,0,0.01,9,0,1,30,793.359265565872
0.0021662336062524,1.03180182695035,7.72976361020732,1.0836853626001,0,0.01,9.5,0,3,30,1818.66132068634
0.0020582584599863,1.03201952362406,8.13767359616135,1.07942277030636,0,0.01,10,0,1,30,868.298155784607
0.001960529322637,1.03220841578559,8.5455436201493,1.07556579490313,0,0.01,10.5,0,3,30,1951.47939419746
0.0018716547046957,1.03237259319178,8.95331142597414,1.07207235213336,0,0.01,11,0,4,30,1122.94587635994
0.0017904840366044,1.03251977740979,9.36105607794728,1.0688866971934,0,0.01,11.5,0,1,30,830.338416576386
0.0017160577173167,1.03264688587463,9.76880963496827,1.06596912104591,0,0.01,12,0,4,30,1127.90289998055
0.0016475690901903,1.03275507358142,10.1764875482807,1.06329207369157,0,0.01,12.5,0,2,30,1816.60318422318
0.0015843351525605,1.03285665493514,10.584145697986,1.0608180769359,0,0.01,13,0,2,30,1834.94511604309
0.0015257737455703,1.03294102978293,10.9917023493296,1.05854014900095,0,0.01,13.5,0,5,30,2013.13927483559
0.0014713856117578,1.03302100809678,11.3993467955634,1.05642201341219,0,0.01,14,0,4,30,1985.37486886978
0.0014207401505339,1.03309765988713,11.8069165662902,1.05444555371403,0,0.01,14.5,0,6,30,2151.65616035461
0.0013734640122187,1.03316530132661,12.2144770533975,1.05260560639868,0,0.01,15,0,4,30,1783.46028542519
0.0013292318922406,1.03322462853108,12.6219945267982,1.05088527724701,0,0.01,15.5,0,6,30,2146.23554897308
0.0012877590456249,1.03327282096473,13.0295190986583,1.04928463225108,0,0.01,16,0,6,30,2146.36462426186
0.0012487951585272,1.03332165926641,13.437022901348,1.04777135772569,0,0.01,16.5,0,5,30,2072.78827118874
0.0012121192978912,1.03336639506612,13.8444755306596,1.04634838324085,0,0.01,17,0,1,30,883.830899715424
0.0011775357246932,1.03341185332455,14.2519694960282,1.04500819834481,0,0.01,17.5,0,6,30,2167.45747494698
0.0011448704029941,1.03344672478294,14.6594126687898,1.04374397578721,0,0.01,18,0,4,30,1946.79295253754
0.0011139680737478,1.03348340104659,15.0668590732039,1.04254932965585,0,0.01,18.5,0,6,30,2188.19626069069
0.0010846897894701,1.03351774239667,15.4743300754067,1.04141569947506,0,0.01,19,0,9,30,2202.32893657684
0.0010569108273618,1.03354404559156,15.8817470334405,1.04034758278925,0,0.01,19.5,0,3,30,1908.97482419014
0.0010305189147464,1.03357466145838,16.2891844524865,1.03932735007754,0,0.01,20,0,9,30,2122.35172152519
0.0010054127136667,1.03359664414763,16.6966189664075,1.03836413550476,0,0.01,20.5,0,3,30,1972.30403876305
0.0009815005215339,1.03362217491567,17.1040056546142,1.03743823935632,0,0.01,21,0,9,30,2716.24936652184
0.0009586991526871,1.03364624804347,17.5114426693028,1.03655673109564,0,0.01,21.5,0,4,30,2016.44987940788
0.0009369329722323,1.03366201851071,17.9188183992236,1.03572399267773,0,0.01,22,0,9,30,2339.64851641655
0.000916133058448,1.03368419853143,18.3262226594583,1.03492205573428,0,0.01,22.5,0,3,30,2017.43578696251
0.0008962364742244,1.03370328144649,18.7336120934851,1.03415341863517,0,0.01,23,0,5,30,2020.86681485176
0.0008771856314104,1.0337152476429,19.1410015090641,1.0334268167648,0,0.01,23.5,0,7,30,2189.04013514519
0.0008589277344472,1.03373561252668,19.5484535767125,1.03272041480258,0,0.01,24,0,4,30,1975.26100850105
0.0008414142920058,1.03374705927757,19.9557952170647,1.03205173471099,0,0.01,24.5,0,9,30,2303.87825703621
0.0960624914008679,0.221707319509177,0.124346372795234,6.60183012417106,0,0.0178,0,0,0,30,250.023277759552
0.0536052816657143,0.603764064409677,0.413034979187179,2.83538158127108,0,0.0178,0.5,0,0,30,496.616128444672
0.0329832985956344,0.835682999553136,0.772585595038942,1.9497225009156,0,0.0178,1,0,1,30,515.121423006058
0.0232145517134906,0.940135855439608,1.17031260977231,1.60227919486523,0,0.0178,1.5,0,0,30,329.965967655182
0.017767626985981,0.982863118319088,1.58271223665792,1.43408707631534,0,0.0178,2,0,1,30,666.556694746018
0.0143534502910403,1.00207841464054,1.99739294178639,1.33867289073083,0,0.0178,2.5,0,0,30,504.094807863236
0.0120277928276474,1.01207410944113,2.41114333391157,1.27776089297809,0,0.0178,3,0,0,30,556.168790102005
0.0103459476637533,1.01790022658412,2.82357638924807,1.23552595308454,0,0.0178,3.5,0,0,30,495.361514568329
0.0090745807305175,1.02166950951188,3.23497700143258,1.20449320844808,0,0.0178,4,0,1,30,670.113119125366
0.0080803763260814,1.02421058753563,3.64554270797321,1.18070757644724,0,0.0178,4.5,0,0,30,741.079798698425
0.0072818936693533,1.02604148212276,4.05555104143988,1.16190332468358,0,0.0178,5,0,1,30,796.284978866577
0.006626661138471,1.02739403223361,4.4650137587761,1.14664921402096,0,0.0178,5.5,0,1,30,765.708945035934
0.0060793820138855,1.02844733080418,4.87409450144431,1.1340133632631,0,0.0178,6,0,1,30,749.407184362412
0.0056154538704037,1.02925561066962,5.28293781442945,1.12339391103171,0,0.0178,6.5,0,6,30,1860.93005108833
0.0052172105604512,1.02990167862552,5.69156419108434,1.11433657932448,0,0.0178,7,0,1,30,767.832204818726
0.0048716422413907,1.0304268661863,6.09999584783147,1.10652071106504,0,0.0178,7.5,0,2,30,1699.67578721046
0.0045689580216072,1.03087094700431,6.50833710502384,1.09970069684825,0,0.0178,8,0,1,30,773.526245117188
0.0043016494632955,1.03122990270594,6.91644500613486,1.09369941188842,0,0.0178,8.5,0,3,30,1965.80296063423
0.0040638627283369,1.03152734350527,7.32452582319187,1.08838547413105,0,0.0178,9,0,3,30,1966.52286410332
0.0038509669851682,1.03178603714538,7.73250945575962,1.08364696463654,0,0.0178,9.5,0,3,30,1873.81825447083
0.0036592511067909,1.03200961218706,8.14042676438027,1.07938394734854,0,0.0178,10,0,1,30,887.786051034927
0.0034857063018797,1.03219977407636,8.54831196068896,1.07553124822591,0,0.0178,10.5,0,6,30,1690.05656695366
0.0033278675740775,1.03235550923876,8.95609128432449,1.07204518808887,0,0.0178,11,0,3,30,1893.61524629593
0.0031836962476546,1.03250615119239,9.36384965171669,1.06885759021317,0,0.0178,11.5,0,4,30,1944.42273640633
0.0030514916683049,1.03264516886964,9.77156209002732,1.06593816582877,0,0.0178,12,0,1,30,810.186735391617
0.0029298239679593,1.03275593782951,10.179228130512,1.06326488968634,0,0.0178,12.5,0,2,30,970.385313749313
0.0028174822560464,1.0328533808527,10.5868361120677,1.0607975330983,0,0.0178,13,0,9,30,1697.38098788261
0.0027134342628785,1.0329432721707,10.9944704146203,1.05850903360613,0,0.0178,13.5,0,5,30,1995.68374204636
0.0026167945872805,1.03301904817659,11.4020646803022,1.05639314278388,0,0.0178,14,0,9,30,1744.53212022781
0.0025267994828109,1.03309811953628,11.8096416831899,1.0544278643006,0,0.0178,14.5,0,5,30,2027.76641821861
0.0024427866640423,1.03316273316942,12.2171711862543,1.05258869910048,0,0.0178,15,0,4,30,1877.99233031273
0.0023641790047485,1.03322155528256,12.6247000512836,1.05087031291674,0,0.0178,15.5,0,6,30,2103.8406662941
0.0022904712805775,1.03327164920459,13.0322237047415,1.04926336541565,0,0.0178,16,0,5,30,1965.43872094154
0.0022212193127478,1.03332681053243,13.4397275759152,1.04775069234524,0,0.0178,16.5,0,1,30,889.004331111908
0.0021560310206763,1.03337003818419,13.8472478598609,1.04633119560554,0,0.0178,17,0,1,30,868.822674036026
0.0020945590030441,1.0334130625168,14.2546959852791,1.04499387458155,0,0.0178,17.5,0,6,30,2165.84956240654
0.0020364943513089,1.03344625672282,14.6621396580554,1.0437323767466,0,0.0178,18,0,4,30,1632.73686599731
0.0019815614631654,1.03347955831592,15.0696084620356,1.04254192726881,0,0.0178,18.5,0,9,30,2241.43299794197
0.0019295136724943,1.03351765090652,15.4770568048935,1.04140675592503,0,0.0178,19,0,9,30,2229.4009077549
0.0018801295495771,1.03354472515136,15.8844884585887,1.04033549007914,0,0.0178,19.5,0,3,30,1959.66305279732
0.0018332097547875,1.03357279865022,16.2919249010213,1.0393187912387,0,0.0178,20,0,3,30,1948.83895206451
0.0017885743514333,1.03359509581835,16.6993575195416,1.03834993222007,0,0.0178,20.5,0,3,30,1987.40119624138
0.001746060501468,1.03362032960319,17.1067451096784,1.03743155052202,0,0.0178,21,0,3,30,1988.98377418518
0.0017055204819345,1.03364354920189,17.5141543229687,1.03655257166846,0,0.0178,21.5,0,4,30,1889.90060806274
0.0016668199711977,1.03366741168075,17.9215930880128,1.03571446836747,0,0.0178,22,0,4,30,2060.06282114983
0.0016298365632149,1.03368631255683,18.3290149239622,1.0349107589673,0,0.0178,22.5,0,3,30,2002.89844441414
0.0015944584750577,1.03370441886832,18.7364050241176,1.03414691529111,0,0.0178,23,0,4,30,1333.17386817932
0.0015605834191453,1.0337184165963,19.1437177381439,1.03341504621922,0,0.0178,23.5,0,9,30,2283.95729207993
0.0015281176161258,1.03373565644842,19.5511548781829,1.03271406647597,0,0.0178,24,0,5,30,1727.83358168602
0.0014969749283228,1.03375043091501,19.9585514954332,1.0320423253738,0,0.0178,24.5,0,6,30,1799.66665315628
0.151946133279571,0.272689371134261,0.158399878327517,5.48719158088684,0,0.0316,0,0,0,30,198.749131441116
0.0914572280049199,0.609254916389245,0.42513848249981,2.7813021965551,0,0.0316,0.5,0,1,30,487.409051418304
0.0572952643515016,0.835638893400409,0.78177564054847,1.93783674234267,0,0.0316,1,0,1,30,514.605840206146
0.040616430279692,0.939264070800665,1.17788972000107,1.59819304372189,0,0.0316,1.5,0,1,30,622.743797540665
0.03120160775202,0.982270292310394,1.58923304621998,1.43208176955197,0,0.0316,2,0,0,30,526.594763994217
0.0252617728663618,1.00172135811428,2.00333772318981,1.33748506079792,0,0.0316,2.5,0,1,30,628.838165283203
0.0211996410348902,1.01181579574809,2.4166907580852,1.27698877496941,0,0.0316,3,0,0,30,664.813058614731
0.0182542369475459,1.01775539222465,2.82899530928219,1.23496050754394,0,0.0316,3.5,0,1,30,1331.81803679466
0.0160234730089779,1.02156952212581,3.24024947279908,1.20404727733284,0,0.0316,4,0,1,30,831.026181697846
0.014276533088232,1.02414408313591,3.65070670551466,1.18036407010346,0,0.0316,4.5,0,3,30,1342.19935369492
0.0128719379140331,1.0259998892023,4.06061550642867,1.161617692171,0,0.0316,5,0,2,30,961.486374855042
0.0117183010944785,1.02739191444322,4.47006981760532,1.14638544868475,0,0.0316,5.5,0,7,30,1638.02766418457
0.0107540259080187,1.0284332490406,4.87915118736552,1.13380366454154,0,0.0316,6,0,5,30,1445.39766979218
0.0099361093059207,1.02923598716099,5.28795587810734,1.12323139253872,0,0.0316,6.5,0,4,30,1493.20239543915
0.0092336313610565,1.02990019147085,5.69653863830604,1.11417499145446,0,0.0316,7,0,5,30,1509.31640124321
0.0086237964505364,1.0304137269517,6.10494064968313,1.10639130988632,0,0.0316,7.5,0,4,30,1564.76699995995
0.008089432885027,1.03085148432714,6.51321298624539,1.09958934840902,0,0.0316,8,0,3,30,1091.93170642853
0.007617361277642,1.0312134228894,6.92142052696487,1.09360689592488,0,0.0316,8.5,0,2,30,890.283048391342
0.0071972991990973,1.03152740056863,7.32948361307826,1.08829135226922,0,0.0316,9,0,4,30,1404.84981155396
0.0068211073636622,1.03178919007845,7.73740895441135,1.08355747762857,0,0.0316,9.5,0,2,30,1278.03489875793
0.006482259356921,1.03200112772749,8.14533557945673,1.07930461636852,0,0.0316,10,0,8,30,2593.76498174667
0.0061754612675689,1.03219660296146,8.55319039848501,1.07546873401751,0,0.0316,10.5,0,7,30,2938.97472524643
0.0058963740445355,1.03236136990691,8.96094431287508,1.07198235315958,0,0.0316,11,0,4,30,1327.21901845932
0.005641407624973,1.03250893207171,9.36874155968948,1.0687996458451,0,0.0316,11.5,0,1,30,1032.28027749062
0.0054075660967804,1.03263831208182,9.77643777992333,1.06589106808409,0,0.0316,12,0,8,30,2250.0874106884
0.0051923297276199,1.03274492400784,10.1840801406164,1.06321540420303,0,0.0316,12.5,0,6,30,1444.22929406166
0.0049935640159361,1.03285167240434,10.5917388746364,1.06074528286996,0,0.0316,13,0,8,30,1537.81322932243
0.0048094488115683,1.03293552863994,10.9993582206779,1.05847221784569,0,0.0316,13.5,0,3,30,1248.80220174789
0.0046384225238886,1.03301898624519,11.4068998407507,1.05635823618475,0,0.0316,14,0,2,30,1079.01272177696
0.0044791378012522,1.03309209068415,11.8144682657699,1.05439082268086,0,0.0316,14.5,0,2,30,1194.36470484734
0.0043304260214684,1.0331614945779,12.222035272616,1.05255038454221,0,0.0316,15,0,8,30,1808.34890079498
0.0041912686162447,1.03321685250297,12.6295977629251,1.05084144006201,0,0.0316,15.5,0,12,30,2773.15822529793
0.0040607737431798,1.03327539166504,13.0371097068315,1.04923230763536,0,0.0316,16,0,8,30,1614.71926379204
0.0039381571773575,1.03332296320542,13.4445390392336,1.04772450261239,0,0.0316,16.5,0,1,30,1037.34838867188
0.0038227265584217,1.03336896550125,13.8521113632288,1.04630618140346,0,0.0316,17,0,8,30,2180.47610449791
0.0037138683250907,1.03341242670343,14.2595376645478,1.0449689532122,0,0.0316,17.5,0,8,30,2282.62246465683
0.0036110368176254,1.03345055156534,14.6669930729152,1.04370597160636,0,0.0316,18,0,2,30,1250.64467930794
0.0035137451396379,1.03348067091589,15.0744996417022,1.04251715634904,0,0.0316,18.5,0,1,30,1094.25242424011
0.0034215574566349,1.0335123260439,15.4818925079812,1.04138828674963,0,0.0316,19,0,8,30,2420.82057070732
0.0033340824746138,1.03354537075058,15.8893713610189,1.04031615121157,0,0.0316,19.5,0,1,30,1146.33301258087
0.0032509678931422,1.0335711427712,16.2967549031825,1.03929697446268,0,0.0316,20,0,8,30,2222.24658179283
0.0031718956669335,1.03359479213845,16.704166404051,1.03833272053773,0,0.0316,20.5,0,10,30,2413.77942204475
0.0030965779420111,1.03362057780188,17.1116428023662,1.03741261322131,0,0.0316,21,0,1,30,1129.78865242004
0.0030247535568281,1.03364448032953,17.5189930882666,1.03653544818958,0,0.0316,21.5,0,8,30,2410.75399827957
0.0029561850188867,1.03366076448489,17.9264338389477,1.03569847263861,0,0.0316,22,0,5,30,1350.08115744591
0.0028906558831662,1.03368078362018,18.3338323114761,1.03489799885323,0,0.0316,22.5,0,8,30,2226.28870844841
0.0028279684713194,1.03370048987437,18.7412008975084,1.0341298269371,0,0.0316,23,0,8,30,2232.41539168358
0.003501894080757,0.908605830415285,0.0611333475565237,11.698542184688,0,0.0316,23.5,0,5,30,1748.35890030861
0.0027104102445418,1.03373432994033,19.5559610018553,1.0326989740515,0,0.0316,24,0,8,30,2224.52282643318
0.0034656197909039,0.922178553582967,0.0652986254552127,11.2726274606729,0,0.0316,24.5,0,10,30,2553.02249789238
0.230575667893679,0.336785199293326,0.205937118836061,4.52053414554317,0,0.0562,0,0,0,30,205.351124048233
0.152002644231736,0.619324404519984,0.446658080699442,2.69227624857022,0,0.0562,0.5,0,2,30,551.264125585556
0.0981001790793529,0.835925935830584,0.79820027856602,1.917241180802,0,0.0562,1,0,0,30,480.225665569305
0.0704056487005739,0.937993652272828,1.19137168721197,1.5909291600685,0,0.0562,1.5,0,1,30,456.411665439606
0.0544353720713097,0.981285301773338,1.60092069494575,1.428568676037,0,0.0562,2,0,0,30,591.254022836685
0.0442437964714696,1.00108020301179,2.0139348503899,1.33540858193635,0,0.0562,2.5,0,0,30,621.192886590958
0.0372250747355327,1.01141964116101,2.42673833095292,1.27556736940626,0,0.0562,3,0,0,30,579.312504291534
0.0321119490721177,1.01748402335143,2.8386386348553,1.23393497568572,0,0.0562,3.5,0,2,30,933.971401691437
0.0282263638220321,1.02139040118009,3.2496439177725,1.20325672870338,0,0.0562,4,0,1,30,748.707139492035
0.0251757947321923,1.02402678477327,3.65998352879749,1.179737321879,0,0.0562,4.5,0,0,30,594.521638393402
0.0227181850277627,1.02591531060636,4.06973746766537,1.16109202306271,0,0.0562,5,0,1,30,753.907377481461
0.0206964674819979,1.02730298361319,4.47910709447681,1.14598570150628,0,0.0562,5.5,0,2,30,1011.38068556786
0.0190043963429654,1.02837537651772,4.88810466724038,1.13346089027955,0,0.0562,6,0,2,30,1039.86423540115
0.0175675837873643,1.02919698050429,5.29689919440318,1.12292353509108,0,0.0562,6.5,0,6,30,1367.40150237083
0.0163324168331709,1.02986693451198,5.70545590420017,1.1139206073221,0,0.0562,7,0,4,30,1054.50778031349
0.015259290819486,1.03039711415016,6.11377246490164,1.10614938101934,0,0.0562,7.5,0,3,30,988.565389871597
0.0143183214403063,1.03083639732926,6.52205433298277,1.09937184817682,0,0.0562,8,0,3,30,1009.20690894127
0.0134865387664127,1.0311958788685,6.93020744776177,1.09342501725674,0,0.0562,8.5,0,2,30,974.621083021164
0.0127459990507608,1.03151191050534,7.33821619929189,1.0881285262565,0,0.0562,9,0,2,30,1003.85080647469
0.0120824826005358,1.03177415331067,7.74621545370616,1.08341343627727,0,0.0562,9.5,0,2,30,1021.11174082756
0.011484576146261,1.03198996646334,8.15407274952949,1.07917101808495,0,0.0562,10,0,4,30,1091.80052161217
0.0109430135762918,1.0321891828996,8.56188160469081,1.07534392440965,0,0.0562,10.5,0,2,30,1109.39231824875
0.0104501940414938,1.03236143938455,8.96965428201682,1.07186405557526,0,0.0562,11,0,4,30,1116.36926436424
0.0099998241840678,1.0325042898914,9.37739304352469,1.06869877440537,0,0.0562,11.5,0,5,30,1328.11584806442
0.0095866487471497,1.03262394718047,9.78513239402157,1.06580131562412,0,0.0562,12,0,3,30,1211.37965774536
0.0092062451195119,1.03274698360817,10.1928022715615,1.06313037744282,0,0.0562,12.5,0,6,30,1431.32236742973
0.0088548647913049,1.03283923005648,10.6004205490585,1.06067700763968,0,0.0562,13,0,1,30,925.0197057724
0.0085293096916712,1.03293744098849,11.0080594884277,1.05839640682485,0,0.0562,13.5,0,8,30,1639.65793585777
0.0082268347731635,1.03301459093544,11.4156426202025,1.05629029754299,0,0.0562,14,0,10,30,1859.36974191666
0.0079450705698392,1.03308937679309,11.8231334313399,1.05432346123216,0,0.0562,14.5,0,3,30,1125.35743904114
0.0076819611100287,1.03315795018226,12.230680274579,1.05249181630898,0,0.0562,15,0,3,30,1148.35491228104
0.007435713747301,1.03321194241967,12.6382460684613,1.05078632996661,0,0.0562,15.5,0,10,30,1816.76525855064
0.0072047583237312,1.03327442066498,13.0457447956077,1.04917846937693,0,0.0562,16,0,8,30,1682.93861627579
0.0069877137020312,1.03332095167627,13.4532718744681,1.04767524989584,0,0.0562,16.5,0,12,30,2877.0012588501
0.0067833601607717,1.03336369059511,13.8606904686804,1.04626047114227,0,0.0562,17,0,5,30,1378.91645765305
0.0065906164887559,1.03340900286486,14.2682061865269,1.04492526209915,0,0.0562,17.5,0,2,30,1203.06665706635
0.006408520871181,1.03344510274846,14.675680883909,1.04366596858345,0,0.0562,18,0,8,30,2182.91997933388
0.0062362148554552,1.03348088482095,15.0831376478419,1.04247634084313,0,0.0562,18.5,0,8,30,2081.57128190994
0.0060729298325192,1.03351157677863,15.4905418576535,1.04134612572307,0,0.0562,19,0,8,30,2194.86066627502
0.0059179755855739,1.03354102003015,15.8979570374614,1.04027851904109,0,0.0562,19.5,0,8,30,2224.62303304672
0.0057707305461787,1.03356651324959,16.3054138472411,1.03926857094135,0,0.0562,20,0,3,30,1215.81731247902
0.0056306334683768,1.03359446126032,16.7128483130975,1.03829970012186,0,0.0562,20.5,0,10,30,2386.02858638763
0.0054971762855033,1.03362270466691,17.1202099185826,1.03737883281314,0,0.0562,21,0,8,30,2264.73396444321
0.0053698979585387,1.03364539376206,17.5276193036598,1.03650249034598,0,0.0562,21.5,0,3,30,1317.74933195114
0.0052483791587456,1.0336593647679,17.935058295732,1.03567021878603,0,0.0562,22,0,8,30,2260.93687176704
0.005132237655888,1.03368207478754,18.3424638431868,1.03487090167292,0,0.0562,22.5,0,3,30,1288.17143559456
0.0050211243048407,1.03370266728415,18.7498277957791,1.03410888602614,0,0.0562,23,0,6,30,2166.00742554665
0.0049147195423155,1.03371691128803,19.1572456384197,1.03337648921137,0,0.0562,23.5,0,5,30,1398.4135184288
0.0048127303192627,1.03373394969731,19.5646111292786,1.03267672552214,0,0.0562,24,0,4,30,1401.61236214638
0.0047148874072006,1.03375083438963,19.9719839584709,1.03200486996344,0,0.0562,24.5,0,4,30,1286.30135607719
0.331691379630343,0.416809405026349,0.274471588941375,3.68687075470823,0,0.1,0,0,0,30,214.87122297287
0.241829119737687,0.637709875425681,0.48491511389784,2.55336570696308,0,0.1,0.5,0,2,30,591.583886384964
0.163516451630759,0.837383144377845,0.827540967165389,1.88219797281271,0,0.1,1,0,0,30,459.120640993118
0.119795089178941,0.936259894633366,1.21559516759037,1.57811711317387,0,0.1,1.5,0,0,30,515.219499826431
0.0936480913908621,0.979709796641642,1.62198318942897,1.42235594299514,0,0.1,2,0,0,30,614.513137340546
0.0766277123938339,1.00006633320336,2.03320206964356,1.33168381543309,0,0.1,2.5,0,0,30,600.114023685455
0.0647617175934254,1.01077101338933,2.44486660384355,1.27304125125457,0,0.1,3,0,0,30,614.755095005035
0.0560456973576037,1.01707198868174,2.85608088083747,1.23208759362436,0,0.1,3.5,0,1,30,708.033304929733
0.0493827412798852,1.02110448301179,3.26663756348446,1.20184879293263,0,0.1,4,0,0,30,628.733148813248
0.044128183650882,1.02381642458019,3.67664598918242,1.17862538362322,0,0.1,4.5,0,0,30,632.208062171936
0.0398801462068333,1.02575510818298,4.08621223606643,1.16020006073357,0,0.1,5,0,0,30,612.319572687149
0.0363757148995085,1.02719225458303,4.49537823133083,1.14521200046335,0,0.1,5.5,0,2,30,834.111957788467
0.033435903903645,1.02828793271329,4.90421295771109,1.13282473973717,0,0.1,6,0,2,30,813.178040027618
0.0309347491874219,1.02913611328294,5.31291464051329,1.12237642707412,0,0.1,6.5,0,2,30,934.116766214371
0.0287810795673726,1.02979932819326,5.72136465000596,1.11345738487501,0,0.1,7,0,3,30,996.700903654098
0.0269073054708429,1.03035829070862,6.12969767585525,1.10573683616435,0,0.1,7.5,0,4,30,1177.11165761948
0.0252622713456144,1.03080408161833,6.53784034165847,1.09901006853256,0,0.1,8,0,3,30,967.853091239929
0.0238065546976782,1.03118099077152,6.9459433987118,1.09308976391954,0,0.1,8.5,0,2,30,935.224435806274
0.0225092890747522,1.03149576288304,7.35394131255586,1.08783602830799,0,0.1,9,0,2,30,914.249958753586
0.0213459650144557,1.031747691423,7.7618785791303,1.08315750601381,0,0.1,9.5,0,2,30,958.409718990326
0.0202968753029158,1.03197675921058,8.1697069746761,1.07893342658088,0,0.1,10,0,3,30,1043.62342166901
0.0193459948104894,1.03216862270072,8.57755687254285,1.07512873883215,0,0.1,10.5,0,3,30,1132.31729197502
0.0184801596153646,1.0323443038257,8.9853131192115,1.07167382934,0,0.1,11,0,1,30,895.753832340241
0.0176884561902182,1.03248221026323,9.39302913022298,1.06852408234119,0,0.1,11.5,0,6,30,1543.01248621941
0.0169617605474767,1.03262301165795,9.80069033522646,1.06563506563739,0,0.1,12,0,1,30,797.06526517868
0.0162923861059261,1.03273724280395,10.2083513556331,1.06297469476476,0,0.1,12.5,0,7,30,2253.64700031281
0.0156738115126162,1.0328330034961,10.6159251889963,1.06053369075602,0,0.1,13,0,2,30,752.428651809692
0.0151004680169783,1.03292445578252,11.0235109347093,1.05826986042695,0,0.1,13.5,0,5,30,2243.38872432709
0.0145675717437624,1.03300895352398,11.431118829019,1.05617089153145,0,0.1,14,0,3,30,856.916280984879
0.01407099018115,1.03308595001147,11.8386119583787,1.054211956129,0,0.1,14.5,0,0,30,606.143142223358
0.0136071350157841,1.0331552589682,12.2461780901731,1.05239052817161,0,0.1,15,0,4,30,1251.53580212593
0.0131728754410578,1.03321217233822,12.6537366115594,1.05068526537961,0,0.1,15.5,0,0,30,767.145880699158
0.0127654675209308,1.03326746001059,13.0612262748447,1.04908259497691,0,0.1,16,0,0,30,699.4986577034
0.0123824962445551,1.03331573819655,13.4687214321268,1.04759148907309,0,0.1,16.5,0,0,30,652.652473449707
0.0120218276880734,1.03335817181199,13.8761892943712,1.0461768975955,0,0.1,17,0,3,30,871.934574365616
0.0116815692882971,1.03340699309266,14.2836521007224,1.04484778043606,0,0.1,17.5,0,5,30,1384.8931043148
0.0113600366659386,1.03344246767563,14.6911128073289,1.04359316903168,0,0.1,18,0,6,30,1441.41559243202
0.0110557257735483,1.03347848814213,15.0985901309089,1.04240297252025,0,0.1,18.5,0,3,30,805.078493595123
0.0107672893981099,1.03350787903532,15.5059457372319,1.04128220611548,0,0.1,19,0,4,30,1205.89487457275
0.0104935172415903,1.03354088691704,15.913384613973,1.04021517629215,0,0.1,19.5,0,3,30,787.809567451477
0.010233318963569,1.03356910542389,16.3207808496402,1.03920448529154,0,0.1,20,0,0,30,531.94114947319
0.0099857096817756,1.03359384673499,16.7282116081866,1.03824465953123,0,0.1,20.5,0,10,30,2369.86002182961
0.0097497975253166,1.03361632576519,17.135644237926,1.03732390701561,0,0.1,21,0,6,30,1336.41342997551
0.0095247729106433,1.03364228903487,17.5430391279106,1.0364543117181,0,0.1,21.5,0,7,30,1439.87254405022
0.0093098992664704,1.033659719774,17.9504210756686,1.03562465920215,0,0.1,22,0,5,30,1409.56968188286
0.0091045049867123,1.03368193217825,18.3578193104647,1.03482466307003,0,0.1,22.5,0,9,30,3050.88921546936
0.0089079764228739,1.03369900815046,18.7652651343676,1.0340639922904,0,0.1,23,0,6,30,1357.73709058762
0.0087197517659729,1.03371757619865,19.172577782147,1.03333610169951,0,0.1,23.5,0,5,30,1323.90415811539
0.0085393156860406,1.03373570567954,19.5799813694749,1.03263234068674,0,0.1,24,0,7,30,1359.56910967827
0.0083661946236557,1.03374921537312,19.9873377890212,1.03196308326795,0,0.1,24.5,0,4,30,1303.75547003746
0.447516531786992,0.514830258754011,0.376772360924843,2.97754575953509,0,0.1778,0,0,0,30,191.373570203781
0.360477693038654,0.67038120727185,0.55325614989303,2.35262068873194,0,0.1778,0.5,0,4,30,592.676912069321
0.260609762564717,0.842103641061377,0.880295213817461,1.8246528088943,0,0.1778,1,0,4,30,642.393668889999
0.19727996732297,0.934536951898959,1.25959915392168,1.5559298042046,0,0.1778,1.5,0,3,30,657.713814496994
0.157060306050277,0.977637554069066,1.66042387777198,1.41130249547092,0,0.1778,2,0,4,30,1780.88757228851
0.129981373747591,0.998558369426503,2.06823647962395,1.32505835687946,0,0.1778,2.5,0,2,30,1721.15201401711
0.110699806032607,1.00978445302939,2.47787632921315,1.26854150167603,0,0.1778,3,0,1,30,1737.17694091797
0.0963318414019673,1.0164028861094,2.8877867980731,1.22881076245157,0,0.1778,3.5,0,3,30,920.974814414978
0.0852336290852802,1.02063409817274,3.29747310499363,1.19933380625075,0,0.1778,4,0,2,30,1734.02024173737
0.0764123136992761,1.02348154373172,3.70683738058224,1.17664456817686,0,0.1778,4.5,0,4,30,1953.89975166321
0.0692367277481414,1.02550981643634,4.11590566235381,1.15857393757881,0,0.1778,5,0,1,30,1776.48739695549
0.0632878231187063,1.02701886962657,4.52469323324481,1.14388634403698,0,0.1778,5.5,0,1,30,947.474534511566
0.0582770165494803,1.02814008104461,4.93333510577344,1.13170339215961,0,0.1778,6,0,4,30,1195.87026667595
0.0539993226818132,1.02902920347014,5.3417582524121,1.12140106992415,0,0.1778,6.5,0,2,30,1839.91253757477
0.0503052402544202,1.02971965356056,5.75008980366079,1.11261756553112,0,0.1778,7,0,5,30,1230.04283857346
0.0470832264241808,1.03027028414662,6.15819572629563,1.10501870334236,0,0.1778,7.5,0,4,30,1265.80683159828
0.0442483991695085,1.03074997715264,6.5662681953658,1.0983666758873,0,0.1778,8,0,0,30,891.123209953308
0.0417350379059738,1.03111599059638,6.97425233943471,1.09252700292138,0,0.1778,8.5,0,0,30,827.226641654968
0.0394914752978725,1.03145036438358,7.38218380428139,1.08732859009965,0,0.1778,9,0,4,30,1993.35478782654
0.0374765375287014,1.03171448715182,7.79001080056085,1.08269333421751,0,0.1778,9.5,0,4,30,1270.60166740417
0.0356570127206285,1.03195563668619,8.1977884948906,1.07852112394233,0,0.1778,10,0,5,30,1244.59355783463
0.0340058175230298,1.03215337070796,8.60551105040572,1.07474605010884,0,0.1778,10.5,0,5,30,1317.99693107605
0.0325006473876758,1.03232322112766,9.01325899557082,1.07132944834278,0,0.1778,11,0,7,30,1403.62186670303
0.0311229681260753,1.03246862427085,9.42087534284049,1.06820646962457,0,0.1778,11.5,0,8,30,1541.36146664619
0.029857252245436,1.03260028623149,9.82856257850332,1.06534569002504,0,0.1778,12,0,7,30,3085.96239876747
0.0286903935035553,1.03271976268845,10.236120888121,1.06271332531687,0,0.1778,12.5,0,4,30,1266.8400285244
0.027611253023197,1.03282952962887,10.6437093602812,1.06028210119778,0,0.1778,13,0,10,30,3545.12845659256
0.0266103037438202,1.03291304283425,11.0512791088801,1.05803929373955,0,0.1778,13.5,0,10,30,3720.74341034889
0.0256793492390087,1.03299855745255,11.4588465789533,1.05595311693333,0,0.1778,14,0,7,30,1484.86825656891
0.0248112993774986,1.03307214822569,11.866383581922,1.05401511707978,0,0.1778,14.5,0,10,30,3323.32506227493
0.02399998986548,1.0331409440618,12.2738675343297,1.05219985841762,0,0.1778,15,0,10,30,3721.06451582909
0.0232400359761235,1.03320142413592,12.6813866698565,1.05051130295473,0,0.1778,15.5,0,11,30,3459.67782020569
0.0225267131485721,1.03325451933914,13.0888751495546,1.04892525958498,0,0.1778,16,0,7,30,3459.45430636406
0.0218558588697984,1.03331195985874,13.4963632715417,1.0474324044423,0,0.1778,16.5,0,7,30,1526.88599848747
0.0212237915432418,1.03335373156477,13.9037512496637,1.04603234598278,0,0.1778,17,0,11,30,3908.35709691048
0.0206272430105671,1.03339956387139,14.3112449367977,1.04470946062074,0,0.1778,17.5,0,11,30,3575.62095880508
0.0200633021222765,1.03343498617071,14.7186596447476,1.04346147459457,0,0.1778,18,0,11,30,4140.070759058
0.0195293673003453,1.03347726157521,15.126064219296,1.04227968495283,0,0.1778,18.5,0,11,30,3458.31980586052
0.0190231064674819,1.0335063371888,15.533485198342,1.04116304844208,0,0.1778,19,0,10,30,3642.84360480309
0.018542423040296,1.03353349126052,15.9409346862534,1.04010851437539,0,0.1778,19.5,0,14,30,2373.57809042931
0.0180854269447793,1.03356475847847,16.3483623782195,1.03910062994766,0,0.1778,20,0,11,30,3580.11456632614
0.0176504098080652,1.03359191559468,16.7557737908925,1.03814307074032,0,0.1778,20.5,0,11,30,1740.86840224266
0.0172358236417998,1.03361577869569,17.1631082060913,1.03722941447664,0,0.1778,21,0,7,30,1556.72545695305
0.0168402624565608,1.03363760116138,17.5705679585225,1.03636184154061,0,0.1778,21.5,0,10,30,4025.76247429848
0.01646244634876,1.03365718103526,17.9779048057611,1.03553441811366,0,0.1778,22,0,14,30,2276.81383466721
0.01610120767961,1.03368199719192,18.3853043327702,1.03473861143581,0,0.1778,22.5,0,11,30,4313.26342725754
0.0157554790329034,1.03369810971789,18.7926552381256,1.0339794174367,0,0.1778,23,0,11,30,3672.79985547066
0.015424282690065,1.03371245527222,19.2000675163776,1.03325798557093,0,0.1778,23.5,0,11,30,3514.64582228661
0.0151067214037181,1.03373134709074,19.6074601509481,1.03255972086782,0,0.1778,24,0,14,30,2419.20932364464
0.0148019702873733,1.03374557059557,20.0148239975433,1.03189437432655,0,0.1778,24.5,0,7,30,3329.83463454247
0.562763798266785,0.630630897322098,0.536059519743968,2.38650865465222,0,0.3162,0,0,0,30,165.200814723969
0.493884486807096,0.724626408553074,0.676736661678617,2.09153538370395,0,0.3162,0.5,0,4,30,617.826036453247
0.388548183705481,0.854755080497045,0.97726041865154,1.73463080507735,0,0.3162,1,0,4,30,599.25031542778
0.308660322899749,0.934691474442758,1.34110084361674,1.51823757980507,0,0.3162,1.5,0,3,30,589.86919760704
0.25289064382751,0.975668422431469,1.73194613084407,1.391883171221,0,0.3162,2,0,2,30,677.500904560089
0.213194618948385,0.99676707183943,2.1336007110567,1.31324996507946,0,0.3162,2.5,0,2,30,831.768388032913
0.183900879175018,1.00845150873015,2.53922883524422,1.26055840359794,0,0.3162,3,0,1,30,1668.70572662354
0.16152762764268,1.01545389581984,2.94649033118371,1.22301511077317,0,0.3162,3.5,0,1,30,702.322369337082
0.143932704864556,1.01994607288554,3.35432547776978,1.19491008358454,0,0.3162,4,0,2,30,1751.48437714577
0.12975516263396,1.02298995084241,3.76237734283337,1.17311899407595,0,0.3162,4.5,0,0,30,754.776851892471
0.118098088498009,1.02513092968058,4.1703849671365,1.15574157692376,0,0.3162,5,0,1,30,914.019649267197
0.108349686999137,1.02672369491534,4.57848314110615,1.14151912545996,0,0.3162,5.5,0,0,30,843.798256874085
0.100079671414605,1.02791420130067,4.9864249926269,1.12969858789321,0,0.3162,6,0,1,30,1754.26317501068
0.0929771952172015,1.02884082304034,5.39440889309331,1.11970738719881,0,0.3162,6.5,0,4,30,1050.53415203094
0.0868123835493845,1.02956570176751,5.80228186753113,1.11114714073511,0,0.3162,7,0,1,30,1729.76832675934
0.0814117253759469,1.03015738509603,6.21006756271851,1.10372203519305,0,0.3162,7.5,0,2,30,1943.87796449661
0.0766418742449613,1.03064811941982,6.61785026700864,1.09722960897504,0,0.3162,8,0,4,30,1968.70927619934
0.0723987062160391,1.03104047091253,7.02557181629154,1.09151737969411,0,0.3162,8.5,0,0,30,765.803708791733
0.0685997562523268,1.03137848810247,7.43328900822947,1.0864298883417,0,0.3162,9,0,4,30,2049.84004235268
0.0651788805089399,1.03165192675089,7.84096013123798,1.08188243936044,0,0.3162,9.5,0,4,30,2084.16126203537
0.0620824185775327,1.03189730297322,8.24852982240197,1.07778875459149,0,0.3162,10,0,5,30,1233.094871521
0.0592663873470814,1.03210678701988,8.65616006664711,1.07408601116054,0,0.3162,10.5,0,1,30,878.930546283722
0.0566943976319883,1.03228520352672,9.06374183219124,1.07071230035729,0,0.3162,11,0,1,30,898.841248989105
0.0543360857936294,1.03243557484231,9.47127797233548,1.06764553937107,0,0.3162,11.5,0,5,30,1274.77133393288
0.0521659179861723,1.03256920108193,9.87879374608023,1.06482729658211,0,0.3162,12,0,7,30,2188.59022808075
0.0501622678683191,1.03269485663189,10.2862975779393,1.06223224559191,0,0.3162,12.5,0,1,30,957.761570215225
0.0483066975850775,1.0327998396894,10.6937881164223,1.05984526969904,0,0.3162,13,0,7,30,2373.99538755417
0.0465833916922769,1.03289769489659,11.1012601251934,1.05762471369095,0,0.3162,13.5,0,5,30,1348.70537233353
0.044978707412225,1.03298189198489,11.5087495821842,1.05557645044065,0,0.3162,14,0,4,30,1168.25571393967
0.0434808142759908,1.03306273638583,11.916199222779,1.05365285320916,0,0.3162,14.5,0,4,30,1299.17325258255
0.0420794031245692,1.03312541024689,12.3236374837813,1.05187072234295,0,0.3162,15,0,9,30,3410.23029875755
0.0407654493833841,1.03319403155055,12.7311387967525,1.05019352203166,0,0.3162,15.5,0,11,30,3435.35488033295
0.0395310191724146,1.03324563075716,13.138566236586,1.04863185070122,0,0.3162,16,0,4,30,1294.10849666595
0.0383691094765943,1.0332964297488,13.5459201510877,1.04715708058868,0,0.3162,16.5,0,11,30,4093.64301300049
0.0372735156053684,1.03334245838375,13.9533884663632,1.04577393367197,0,0.3162,17,0,1,30,1124.97227239609
0.0362387206534106,1.03339088295099,14.3607430803255,1.04446215373333,0,0.3162,17.5,0,7,30,1403.96206688881
0.0352598028247284,1.03342678604781,14.7681459153123,1.04322989421845,0,0.3162,18,0,7,30,3333.2690820694
0.0343323573383245,1.03346038390448,15.1755756665267,1.04206299276703,0,0.3162,18.5,0,11,30,3696.64350867271
0.0334524303123923,1.03349651084397,15.58298623665,1.04095661649085,0,0.3162,19,0,7,30,1462.60366225243
0.0326164625341747,1.03352978266011,15.9903709983846,1.03990769049715,0,0.3162,19.5,0,10,30,3354.54583644867
0.0318212414376233,1.03355965207327,16.3976746388399,1.0389088026256,0,0.3162,20,0,11,30,3715.24299502373
0.0310638599221926,1.03358755431796,16.8051198309805,1.03796001222075,0,0.3162,20.5,0,7,30,1515.74072504044
0.0303416809044918,1.03360920288084,17.21242699472,1.03706031884404,0,0.3162,21,0,4,30,1264.7175552845
0.0296523066909804,1.03363328297752,17.619782775954,1.03619586588579,0,0.3162,21.5,0,7,30,1542.77652406693
0.0289935524273539,1.03365561268602,18.0271387091064,1.03537434699863,0,0.3162,22,0,7,30,1471.38056850433
0.0283634230018231,1.03367485269106,18.43449323113,1.0345874849078,0,0.3162,22.5,0,7,30,1524.2633099556
0.0277600928925343,1.03369064462557,18.8419112546649,1.03384077549433,0,0.3162,23,0,12,30,1962.97286176682
0.0271818885278783,1.03371242464089,19.2492659664436,1.03311855100909,0,0.3162,23.5,0,11,30,1900.59566998482
0.0266272728042261,1.03372530053072,19.6565945597303,1.03242915913157,0,0.3162,24,0,5,30,2404.48586988449
0.0260948314576664,1.03374122013122,20.0639309181252,1.03177142678936,0,0.3162,24.5,0,8,30,1661.0736246109
0.658849004687069,0.757237191377145,0.79555462167364,1.9129472832997,0,0.5623,0,0,0,30,132.434856414795
0.615286667704996,0.80283206572262,0.901949254762233,1.79804290280411,0,0.5623,0.5,0,3,30,541.587809324265
0.528851676187429,0.882099059164674,1.16139815402591,1.60506462014997,0,0.5623,1,0,0,30,413.745749235153
0.44720057707871,0.941044428353937,1.49747330214517,1.45702749232395,0,0.5623,1.5,0,0,30,411.781457424164
0.381833528359112,0.975833762954152,1.86986268608148,1.35859159801771,0,0.5623,2,0,1,30,485.539680480957
0.331085639030978,0.995619037793715,2.25930516994499,1.29263570401541,0,0.5623,2.5,0,0,30,538.168011426926
0.29139510281512,1.00721298993276,2.65672180781762,1.24651766186772,0,0.5623,3,0,0,30,521.698940992355
0.259810637313567,1.01442439150375,3.05830235928671,1.21275206583871,0,0.5623,3.5,0,0,30,574.786674261093
0.234205656891781,1.01912872526634,3.46206567444643,1.18708690811637,0,0.5623,4,0,2,30,777.100611686707
0.21308681544835,1.02234439204809,3.86702948039663,1.1669491282985,0,0.5623,4.5,0,0,30,590.357043266296
0.195398874158197,1.02464216761687,4.27274705832389,1.15071796301079,0,0.5623,5,0,0,30,636.099450588226
0.180383956561012,1.02632299834203,4.67893846667866,1.13736780709268,0,0.5623,5.5,0,5,30,648.140212535858
0.16748740461155,1.02759815251791,5.08543020682815,1.12619973805983,0,0.5623,6,0,3,30,587.272165775299
0.156295626741582,1.02858240909558,5.49209487675774,1.11670453453545,0,0.5623,6.5,0,3,30,899.696152448654
0.146494753683247,1.02936698573533,5.8989580704359,1.10855074940107,0,0.5623,7,0,3,30,982.563685178757
0.137842717841339,1.02998561090933,6.30589664112006,1.10145827506098,0,0.5623,7.5,0,3,30,922.610104560852
0.130150064426747,1.03050095763518,6.71294966807925,1.09523824319073,0,0.5623,8,0,3,30,742.992861747742
0.123266526435831,1.0309223769633,7.12001650288532,1.0897405567536,0,0.5623,8.5,0,2,30,656.333523750305
0.11707146889015,1.03127179696916,7.52720727473207,1.08483460929419,0,0.5623,9,0,2,30,631.964345693588
0.1114669756824,1.03156153336138,7.9343506917591,1.08044743627289,0,0.5623,9.5,0,1,30,593.150509595871
0.106372771936737,1.03181516663764,8.3415249779098,1.07649708601449,0,0.5623,10,0,4,30,615.52027964592
0.101722441699768,1.03202645084199,8.74877429646391,1.07291395048,0,0.5623,10.5,0,3,30,720.960767030716
0.0974605737155661,1.03222053721911,9.15595420908054,1.06963879242276,0,0.5623,11,0,3,30,666.225280761719
0.0935405814396912,1.03238755467973,9.56321605490106,1.06665811966278,0,0.5623,11.5,0,5,30,642.959127426148
0.0899230195100436,1.03253056434569,9.97045579912602,1.0639221231199,0,0.5623,12,0,6,30,839.396982908249
0.0865742700598763,1.0326557631567,10.3776796957718,1.06139706911621,0,0.5623,12.5,0,4,30,922.717025279999
0.08346550782562,1.032765971023,10.7849690173543,1.05906661084289,0,0.5623,13,0,4,30,939.000320911408
0.0805718776183134,1.03286176715635,11.1921588326342,1.05690689414417,0,0.5623,13.5,0,3,30,1083.13388419151
0.0778718351188458,1.03295383761913,11.5994929979134,1.05489916547819,0,0.5623,14,0,4,30,987.843955516815
0.0753466145002851,1.03303518845769,12.0067671042718,1.05302753246572,0,0.5623,14.5,0,6,30,1083.09036898613
0.0729797953575152,1.03310128956084,12.4139849297377,1.05128428411606,0,0.5623,15,0,3,30,977.002940893173
0.0707569480222235,1.03317021202858,12.8213080172589,1.04964732687177,0,0.5623,15.5,0,3,30,847.042722940445
0.0686653412461444,1.03322923950264,13.2285834495923,1.04811017454002,0,0.5623,16,0,3,30,1062.84567523003
0.0666936998292063,1.03328248849041,13.6357996109401,1.04666742656441,0,0.5623,16.5,0,3,30,892.237215042114
0.0648320025419425,1.03332609874191,14.0430883965197,1.04531154039259,0,0.5623,17,0,6,30,1140.39157867432
0.0630713127413197,1.03337040475616,14.4503674875512,1.04403511736545,0,0.5623,17.5,0,4,30,965.908090591431
0.061403635687587,1.03341703621451,14.8576640361728,1.04281980208817,0,0.5623,18,0,5,30,1183.93241071701
0.0598217977764791,1.03345354563137,15.2649630553839,1.04167570343091,0,0.5623,18.5,0,5,30,1067.23632311821
0.0583193438705659,1.03348673561311,15.6722804169427,1.04058881842256,0,0.5623,19,0,3,30,956.567794561386
0.0568904496388544,1.03351944676083,16.0794925705609,1.03955712551563,0,0.5623,19.5,0,6,30,1169.17935085297
0.0555298464145522,1.0335501072757,16.4868116124712,1.03857496437587,0,0.5623,20,0,7,30,1312.6304872036
0.054232756530405,1.0335769594195,16.8941192342147,1.03764057539201,0,0.5623,20.5,0,6,30,1191.46228599548
0.0529948374756737,1.03359936944551,17.3014250553267,1.03675749674622,0,0.5623,21,0,7,30,1331.90183520317
0.0518121334930619,1.03362420067562,17.7087048371741,1.03590959430117,0,0.5623,21.5,0,7,30,1287.82406425476
0.0506810334942342,1.0336473566239,18.1159560951722,1.0350966655719,0,0.5623,22,0,8,30,1300.77949881554
0.0495982343479721,1.03366801139384,18.5232139201398,1.03432427908831,0,0.5623,22.5,0,6,30,1287.91381406784
0.0485607087595816,1.03368469345352,18.9305335975441,1.03358810413438,0,0.5623,23,0,6,30,1246.60397362709
0.0475656770848181,1.03370635929199,19.3377974563878,1.03287745878191,0,0.5623,23.5,0,8,30,1304.7108528614
0.0466105825304642,1.03372098701945,19.7451379251506,1.03219672353912,0,0.5623,24,0,3,30,896.050428628922
0.0456930692716542,1.0337340471586,20.1524201956623,1.03154520233525,0,0.5623,24.5,0,8,30,1391.96557092667
0.723461865507126,0.876454017665303,1.2401506858712,1.55758717299224,0,1,0,0,0,30,168.786267757416
0.701464922181596,0.892513341678937,1.31659861790937,1.52196073067937,0,1,0.5,0,0,30,370.621294975281
0.648349592527248,0.926695599451298,1.52205619005146,1.44461526697052,0,1,1,0,2,30,516.159077167511
0.58570171663475,0.958883610695059,1.81129853518177,1.36719301538748,0,1,1.5,0,2,30,543.914916992188
0.526157935292009,0.982103203009447,2.14875673645996,1.30505032896909,0,1,2,0,2,30,535.243276357651
0.473903434206681,0.997483473937926,2.51311884081337,1.25798095772943,0,1,2.5,0,2,30,580.346309185028
0.42927960828788,1.0074784112447,2.89260343153522,1.2224265508653,0,1,3,0,0,30,478.041179418564
0.391393268167937,1.01410458064092,3.28104131060895,1.19509116455967,0,1,3.5,0,0,30,570.045330762863
0.359129870140154,1.01864931881998,3.67485937061215,1.17353526282319,0,1,4,0,0,30,522.961705446243
0.331475147133023,1.02186558534777,4.07230235369794,1.1561930304123,0,1,4.5,0,1,30,658.11283993721
0.307587707045314,1.02418863254297,4.47197142799052,1.14198226581171,0,1,5,0,0,30,558.596493959427
0.28679200243017,1.02593387931862,4.87335794678209,1.13011465222381,0,1,5.5,0,0,30,564.819967269898
0.268550946498806,1.027260687421,5.27587549680462,1.12007252566264,0,1,6,0,0,30,598.686493873596
0.25243745735112,1.02828889681898,5.67934759315059,1.11146715754345,0,1,6.5,0,1,30,684.674061536789
0.238110289694481,1.02911431185535,6.08341121109399,1.1040085639643,0,1,7,0,1,30,722.116574287415
0.225294887154913,1.02976866513035,6.48798614062145,1.09749224670075,0,1,7.5,0,1,30,726.348826646805
0.213768619611171,1.03030870070781,6.89296779142988,1.09173864711962,0,1,8,0,0,30,629.106659412384
0.203349507594409,1.03076094300714,7.29826030264211,1.08662733348326,0,1,8.5,0,0,30,628.109615564346
0.193887617276455,1.03112712773066,7.70375096279866,1.08205909294098,0,1,9,0,1,30,745.154358148575
0.185258470374628,1.03144691921727,8.10957344383227,1.0779405031897,0,1,9.5,0,1,30,755.922363519669
0.177357967886979,1.03171228204594,8.51552384348783,1.0742214313529,0,1,10,0,1,30,734.000165224075
0.170098452829632,1.03193787807623,8.92154708903449,1.0708472912987,0,1,10.5,0,1,30,754.952369451523
0.163405633647656,1.03213210231404,9.32780819186711,1.06776384542603,0,1,11,0,1,30,743.989929914475
0.157216161929413,1.03231371765606,9.73415100855354,1.06492777423601,0,1,11.5,0,1,30,811.942402839661
0.151475710943713,1.03246577773667,10.1404990270515,1.06232685568429,0,1,12,0,4,30,866.032926797867
0.14613744025534,1.03258951571771,10.5469975556923,1.05993369823889,0,1,12.5,0,4,30,816.985842227936
0.141160760172269,1.03270615566531,10.9535823310376,1.05771124417293,0,1,13,0,4,30,905.034854888916
0.13651033072536,1.03281794858864,11.3602418949077,1.05564189556875,0,1,13.5,0,4,30,849.849155664444
0.13215524540479,1.03291040397891,11.7668889764307,1.05372363833599,0,1,14,0,1,30,802.830955028534
0.128068361428816,1.03299191747219,12.1735766643038,1.05192883686668,0,1,14.5,0,1,30,781.760952949524
0.124225747029299,1.03306620785225,12.5803471759166,1.05025250829612,0,1,15,0,1,30,773.821233987808
0.12060622274292,1.03313085017499,12.9871508049669,1.04868601507392,0,1,15.5,0,1,30,831.822808265686
0.117190978710569,1.03319875599283,13.3939737741963,1.04720368873372,0,1,16,0,4,30,974.552763700485
0.113963253762812,1.03325272030017,13.8008966121786,1.04581752778261,0,1,16.5,0,4,30,989.603713035584
0.110908065044437,1.0333057925326,14.207744828707,1.04450546649678,0,1,17,0,4,30,956.494427442551
0.108011979159685,1.03335022262724,14.6146603647053,1.04327074199711,0,1,17.5,0,3,30,1071.37828636169
0.105262917634266,1.03339330613311,15.0215863477727,1.04209913617964,0,1,18,0,4,30,1007.98614525795
0.102649990854638,1.03343308584946,15.4286083823525,1.04098903476433,0,1,18.5,0,2,30,1017.66320371628
0.10016335576173,1.03346860722406,15.8355839721253,1.03993802493095,0,1,19,0,5,30,1056.75861430168
0.0977940934388597,1.03350046410454,16.242520155681,1.03894198212843,0,1,19.5,0,3,30,1092.02054786682
0.09553410343833,1.03352923701751,16.6495437491251,1.03799102703019,0,1,20,0,4,30,975.383817911148
0.0933760122387473,1.03356488581302,17.0565572029103,1.03708282706975,0,1,20.5,0,5,30,1033.87820720673
0.0913130936926779,1.033590003513,17.463651860032,1.03622057640754,0,1,21,0,5,30,1100.5816192627
0.0893391996625211,1.03361098760186,17.8706987177977,1.03540046206988,0,1,21.5,0,4,30,1017.17245721817
0.0874486993741333,1.0336313245898,18.2777399189513,1.03461427775947,0,1,22,0,6,30,1099.69768095016
0.0856364262288221,1.03365960935697,18.684831856612,1.03385848014346,0,1,22.5,0,4,30,989.531099319458
0.083897631031708,1.03367527814794,19.0919180990201,1.03313828224656,0,1,23,0,3,30,996.813592910767
0.0822279407493801,1.03369430022941,19.4989841103603,1.03244744126011,0,1,23.5,0,3,30,979.233646154404
0.0806233220579181,1.0337129571359,19.9061215050113,1.03178392392198,0,1,24,0,3,30,989.858362913132
0.0790800490392232,1.03372604230039,20.3132107155389,1.03115000048656,0,1,24.5,0,7,30,1320.04365706444
0.757358462666232,0.963113433094541,2.0365387852544,1.31714243451661,0,1.7783,0,0,0,30,167.096699476242
0.748275115245056,0.966771611647914,2.08812660054547,1.30860864412953,0,1.7783,0.5,0,2,30,563.220021486282
0.72352982968501,0.975916085710714,2.2349680611009,1.28666352031367,0,1.7783,1,0,2,30,551.701759338379
0.688790619200743,0.98690372637748,2.45785709618302,1.25877060236241,0,1.7783,1.5,0,0,30,375.663945198059
0.649666439012556,0.996979470177389,2.73571763006089,1.23089575592409,0,1.7783,2,0,2,30,542.898147821426
0.610052848451931,1.00515986496326,3.05117218331575,1.20585964847202,0,1.7783,2.5,0,0,30,386.171744585037
0.572114689608776,1.01142884476381,3.39191013424718,1.18438203784149,0,1.7783,3,0,2,30,541.820936441422
0.536835789494673,1.01612218704186,3.74970773713407,1.16629592976161,0,1.7783,3.5,0,2,30,577.727922201157
0.504525976175215,1.01966154685489,4.11936842725156,1.15106916813143,0,1.7783,4,0,0,30,420.930201768875
0.475150927964851,1.02232530695559,4.49726062854858,1.13819845106014,0,1.7783,4.5,0,0,30,472.171104669571
0.448518915813348,1.02436273767101,4.8811231306646,1.12724203718692,0,1.7783,5,0,0,30,579.225171327591
0.424379124999985,1.0259347982061,5.26937724139139,1.1178235422575,0,1.7783,5.5,0,0,30,515.312110900879
0.402470695562523,1.02718769496363,5.66097268827837,1.10966027039573,0,1.7783,6,0,0,30,573.35472369194
0.382545600165806,1.02818301432098,6.05511649815479,1.10252672579612,0,1.7783,6.5,0,0,30,539.699942350388
0.36437804264933,1.02898038083259,6.4512548328745,1.09626001998755,0,1.7783,7,0,1,30,611.825820922852
0.34776711382343,1.02963587574664,6.84890845528369,1.09069770841512,0,1.7783,7.5,0,1,30,627.009810447693
0.332536224662857,1.03017705133606,7.24790981299986,1.08573531549364,0,1.7783,8,0,1,30,614.973862409592
0.318531132028066,1.03062457140178,7.64796088766136,1.08128677107977,0,1.7783,8.5,0,1,30,724.632196426392
0.305617475745089,1.03100495822735,8.04885636552945,1.07727005754448,0,1.7783,9,0,1,30,748.525552272797
0.293678276823811,1.03132693064343,8.45051976747209,1.07362209973057,0,1.7783,9.5,0,1,30,628.895110368729
0.282611602539733,1.03160357091294,8.85270449160972,1.07030893332121,0,1.7783,10,0,1,30,717.204248428345
0.272328478711838,1.03183957592762,9.25551156612908,1.06728263235392,0,1.7783,10.5,0,1,30,620.06655216217
0.262751066820013,1.03204088782669,9.65865495030311,1.06449961602972,0,1.7783,11,0,1,30,761.462976455689
0.25381109386637,1.03222893761897,10.0622723286753,1.06193631660794,0,1.7783,11.5,0,1,30,680.995368003845
0.245448510300144,1.03238485138314,10.4661647411407,1.05957157185115,0,1.7783,12,0,1,30,629.386941194534
0.237610347562829,1.03252031689104,10.8703040269508,1.05738173055717,0,1.7783,12.5,0,1,30,647.519692182541
0.230249747227392,1.03264979129124,11.2747952083827,1.05534216050749,0,1.7783,13,0,1,30,575.138237476349
0.22332513612438,1.03275110737564,11.6794608509484,1.05345143985804,0,1.7783,13.5,0,3,30,782.076410770416
0.216799524929597,1.03285077936945,12.0843350993618,1.05167545887817,0,1.7783,14,0,3,30,762.218684673309
0.210639910813749,1.03293944207181,12.4893182690661,1.05001970120114,0,1.7783,14.5,0,3,30,787.016368627548
0.204816767716158,1.03302346902295,12.8945563034304,1.04846083111801,0,1.7783,15,0,1,30,588.825407743454
0.199303610358831,1.03309218434805,13.2999378497905,1.04700033161182,0,1.7783,15.5,0,3,30,760.261966705322
0.194076620427734,1.03315227078101,13.7053810417301,1.04562848887157,0,1.7783,16,0,1,30,640.730015516281
0.189114325182366,1.03321692443213,14.1109723068486,1.04432214106213,0,1.7783,16.5,0,1,30,622.008973360062
0.184397320415301,1.03327038449092,14.5166931017746,1.04309938548071,0,1.7783,17,0,3,30,602.094556808472
0.179908030970757,1.03331354659585,14.9224478531008,1.04194198422584,0,1.7783,17.5,0,3,30,730.042296171188
0.175630503183099,1.03336083872767,15.3283584479256,1.04084034729371,0,1.7783,18,0,2,30,567.388828992844
0.17155022447584,1.03340781897475,15.7343053860678,1.03979496672861,0,1.7783,18.5,0,1,30,523.929158687592
0.16765396616187,1.03344177945744,16.1403119750596,1.03880361018452,0,1.7783,19,0,1,30,624.363165855408
0.163929646088621,1.03347692207041,16.5464590864845,1.03786182445187,0,1.7783,19.5,0,4,30,742.578680992127
0.160366208325757,1.03350619522323,16.9525615534252,1.03696584991573,0,1.7783,20,0,1,30,510.04054069519
0.156953517513027,1.03354145897713,17.3588204368735,1.03610661660112,0,1.7783,20.5,0,1,30,630.382713079453
0.153682265848509,1.03356755852513,17.7651171404028,1.03529105484208,0,1.7783,21,0,4,30,742.550561904907
0.150543891021367,1.0335918930128,18.1714324162734,1.03450788653154,0,1.7783,21.5,0,1,30,481.631522893906
0.14753050362251,1.03361357736664,18.5778111229453,1.03376152547907,0,1.7783,22,0,1,30,478.999971151352
0.14463482280488,1.03363551864196,18.9842053110829,1.03304587692486,0,1.7783,22.5,0,4,30,707.795525074005
0.141850119119437,1.0336583548754,19.3906489841032,1.03235642758751,0,1.7783,23,0,1,30,585.312443256378
0.139170163632567,1.03367912190845,19.7971230865196,1.03170197915535,0,1.7783,23.5,0,4,30,710.732948541641
0.136589182526341,1.03369648592606,20.2036956819567,1.0310680977428,0,1.7783,24,0,1,30,493.7059237957
0.134101816526814,1.03371714413055,20.6102015027572,1.03046091669098,0,1.7783,24.5,0,4,30,667.756120681763
0.771369474261737,1.00798675038988,3.48899529732232,1.17342525319979,0,3.1623,0,0,0,30,157.299540758133
0.76812652454827,1.00853629292982,3.52124358130578,1.17178199218737,0,3.1623,0.5,0,2,30,475.649090528488
0.758747062105327,1.01004097988965,3.61570870700951,1.16714393993419,0,3.1623,1,0,2,30,496.070129156113
0.744165547035395,1.01222279004314,3.76664879746965,1.16025340164655,0,3.1623,1.5,0,0,30,440.413200855255
0.725631499516328,1.01467667620511,3.96611313000881,1.15201441661593,0,3.1623,2,0,2,30,492.733617544174
0.704428090889847,1.01715328398948,4.2056836011538,1.14321140316394,0,3.1623,2.5,0,2,30,500.943184375763
0.681681781740433,1.01946147147785,4.47741707381349,1.13442362516623,0,3.1623,3,0,0,30,458.620651483536
0.658281699110343,1.0215061723326,4.77454146719775,1.12601983761918,0,3.1623,3.5,0,1,30,475.746695041657
0.634876871289742,1.02327180355915,5.09155158084865,1.1181812088487,0,3.1623,4,0,1,30,493.058901309967
0.611911655172543,1.0247754691497,5.4242134871782,1.11095856088469,0,3.1623,4.5,0,0,30,460.318566560745
0.589671802418656,1.0260423505841,5.76916094978616,1.10437661282756,0,3.1623,5,0,0,30,448.312129735947
0.568327282844334,1.02708802257776,6.12392646441221,1.0984102820473,0,3.1623,5.5,0,1,30,503.520567178726
0.547966959637037,1.02797625864148,6.48648428331572,1.09298626005181,0,3.1623,6,0,1,30,502.037226676941
0.528624688568002,1.02872844491915,6.8553139395137,1.08806915150374,0,3.1623,6.5,0,1,30,521.496635913849
0.510298131634314,1.02935199610688,7.22930530042379,1.08359491104509,0,3.1623,7,0,0,30,478.89840388298
0.492961949443412,1.02988841905188,7.60756179409056,1.07952409883408,0,3.1623,7.5,0,1,30,553.480102062225
0.47657687382865,1.03034854399205,7.98937031714745,1.07580507162932,0,3.1623,8,0,1,30,533.772590398789
0.461095850495539,1.03073316286253,8.37401253499071,1.07240078733341,0,3.1623,8.5,0,0,30,497.532863855362
0.446468135295785,1.03107076994576,8.76122475697035,1.06927937092176,0,3.1623,9,0,0,30,532.803557634354
0.432641978615783,1.03136175314125,9.15049057175695,1.06639877875658,0,3.1623,9.5,0,2,30,623.960116147995
0.419566343632197,1.03161435180611,9.5415711948224,1.0637439564941,0,3.1623,10,0,0,30,567.935116052628
0.40719196837252,1.03183573815313,9.93425315271821,1.06128995819839,0,3.1623,10.5,0,0,30,538.203034162521
0.395471985347224,1.03202826038848,10.3281916357759,1.05900762710578,0,3.1623,11,0,0,30,565.285770893097
0.384362245574596,1.0322041623184,10.7234143156247,1.05688454839997,0,3.1623,11.5,0,2,30,633.371644020081
0.373821447604823,1.03235402596588,11.1195820642686,1.05490919167867,0,3.1623,12,0,0,30,567.808949708939
0.363811140166154,1.03249210399663,11.5167154990812,1.05306062491571,0,3.1623,12.5,0,2,30,676.4245865345
0.354295645187266,1.03261061358511,11.9145785843312,1.05132973413549,0,3.1623,13,0,2,30,621.971428155899
0.345241932831981,1.03271939037606,12.3131651525989,1.04971399076732,0,3.1623,13.5,0,0,30,598.209162950516
0.336619469857944,1.03281489052314,12.7124136121901,1.04819258215662,0,3.1623,14,0,0,30,598.705787181854
0.328400055524349,1.03290612814834,13.1123006782039,1.04675177767223,0,3.1623,14.5,0,3,30,693.310581207275
0.320557654296304,1.0329831844642,13.5126157618147,1.04540765834138,0,3.1623,15,0,3,30,665.887976169586
0.313068231361723,1.03306035550433,13.9134189716969,1.04412624420922,0,3.1623,15.5,0,3,30,711.867986679077
0.305909594643587,1.03312383507266,14.3146296002435,1.04291557862795,0,3.1623,16,0,3,30,686.113878250122
0.299061245437129,1.03318295406041,14.7162492154718,1.0417759791947,0,3.1623,16.5,0,3,30,691.737334251404
0.292504238769094,1.03323924793413,15.1181428557349,1.04068801942895,0,3.1623,17,0,3,30,747.053566217423
0.286221053918603,1.03328351072565,15.5203984564284,1.03966177551662,0,3.1623,17.5,0,3,30,701.697940587997
0.280195475026422,1.03332954589417,15.9229538603428,1.03868256326679,0,3.1623,18,0,0,30,637.029080152512
0.274412481490064,1.03337735449532,16.3257338448465,1.03774652408742,0,3.1623,18.5,0,0,30,625.127087593079
0.268858147644284,1.03341827403949,16.7287933577086,1.03685608657906,0,3.1623,19,0,3,30,687.577885150909
0.263519551143551,1.03344904584465,17.1320582880916,1.03601077446997,0,3.1623,19.5,0,0,30,637.702835559845
0.258384689407468,1.03348324617569,17.5355885938045,1.03519944337055,0,3.1623,20,0,3,30,734.04893040657
0.253442403514671,1.03351373842685,17.9392742740801,1.03442590928431,0,3.1623,20.5,0,3,30,734.695437669754
0.248682308902661,1.03354333844965,18.3430974135828,1.03368172536067,0,3.1623,21,0,0,30,629.987923145294
0.244094732289022,1.03356926194767,18.7471359120978,1.03297252990802,0,3.1623,21.5,0,0,30,617.850186109543
0.23967065425823,1.03359515774881,19.1512649079919,1.03229182008614,0,3.1623,22,0,0,30,669.621476888657
0.235401656990039,1.03361984692362,19.5556228235151,1.03163813267693,0,3.1623,22.5,0,3,30,762.872378349304
0.231279876658645,1.03364213015806,19.960073640394,1.03100922749515,0,3.1623,23,0,3,30,740.989954471588
0.227297960055933,1.03366260242953,20.3645966377851,1.03040509535363,0,3.1623,23.5,0,3,30,718.642640352249
0.223449025048136,1.03367896557329,20.7692926448174,1.02982471064798,0,3.1623,24,0,1,30,683.302470445633
0.219726624500869,1.03369995474474,21.1741142577348,1.02926679545265,0,3.1623,24.5,0,4,30,781.121660709381
0.776289608904069,1.02548182605045,6.11846343166589,1.09438656391041,0,5.6234,0,0,0,30,191.701113462448
0.775216812677796,1.02554298793956,6.1373286908448,1.09409997140822,0,5.6234,0.5,0,1,30,515.974559783936
0.772038295675453,1.02572775523506,6.19359547389501,1.09326256262958,0,5.6234,1,0,0,30,431.087603092194
0.766868905054181,1.02601255697034,6.28588368646819,1.09192775531619,0,5.6234,1.5,0,1,30,493.151414632797
0.759885338941827,1.02638238499145,6.41220373688443,1.090158177865,0,5.6234,2,0,1,30,501.052568674088
0.751307716410896,1.02681601018794,6.57002436196741,1.08804224192424,0,5.6234,2.5,0,0,30,442.367345333099
0.741379603931247,1.02728093760665,6.75642162306207,1.08567819368007,0,5.6234,3,0,0,30,465.870031356812
0.730349767789014,1.0277499537129,6.96850752680812,1.0831563638111,0,5.6234,3.5,0,0,30,461.716951847076
0.718457709962162,1.02823034599426,7.20338196541552,1.08051958073351,0,5.6234,4,0,1,30,469.319031238556
0.705923726052212,1.02868999371511,7.45823247768071,1.07786874310125,0,5.6234,4.5,0,1,30,458.520757198334
0.692943220095351,1.02913042041957,7.73059428528208,1.07521371541546,0,5.6234,5,0,0,30,450.072566270828
0.679684459789906,1.02953872370922,8.01814340338329,1.0726160443101,0,5.6234,5.5,0,1,30,476.280158996582
0.666288790686372,1.02992747456186,8.31893307997903,1.07008387808519,0,5.6234,6,0,1,30,461.765974521637
0.652872405464646,1.03027301545303,8.6312243051969,1.06764291522712,0,5.6234,6.5,0,0,30,480.345907926559
0.639528951936497,1.03058859858552,8.95343501381117,1.06530702945595,0,5.6234,7,0,1,30,514.735700368881
0.626332469649332,1.03088346183218,9.28430624568044,1.06307173074587,0,5.6234,7.5,0,0,30,457.402964830399
0.61334032553037,1.03113929153368,9.6228370058072,1.06094610129467,0,5.6234,8,0,1,30,485.579429864883
0.600595956201365,1.03137752504491,9.96786051889562,1.05892333812116,0,5.6234,8.5,0,0,30,439.366273164749
0.588131321513529,1.03159070090325,10.3187805279821,1.05700538171466,0,5.6234,9,0,1,30,525.309691667557
0.575969035509829,1.03178801076074,10.6746928323641,1.05518205656061,0,5.6234,9.5,0,1,30,529.470080375671
0.564124178780979,1.03196084735863,11.0351089443678,1.05345998430869,0,5.6234,10,0,0,30,457.509181261063
0.552605815999576,1.03211390638183,11.3995536206857,1.05182779883446,0,5.6234,10.5,0,0,30,500.666204214096
0.541418251974585,1.03225816927407,11.7674514286072,1.05027636135146,0,5.6234,11,0,0,30,480.359343528748
0.530562061818667,1.03239135742539,12.138411303181,1.04880737293485,0,5.6234,11.5,0,1,30,563.148868560791
0.520034929890681,1.03250911239775,12.5122677536829,1.0474086643507,0,5.6234,12,0,0,30,499.610760211945
0.509832328931645,1.03261460226282,12.8885918044762,1.04608843905332,0,5.6234,12.5,0,1,30,542.717757701874
0.499948067078329,1.0327095351269,13.2671415419606,1.04483001410553,0,5.6234,13,0,0,30,506.099655389786
0.490374726407683,1.03280039008274,13.6476994937678,1.0436348324919,0,5.6234,13.5,0,1,30,579.717268228531
0.481104012937651,1.03288367441373,14.0300589461262,1.04249329507069,0,5.6234,14,0,1,30,563.841933012009
0.472127034709338,1.03295722329459,14.4141376836428,1.04141230946692,0,5.6234,14.5,0,1,30,560.666775465012
0.463434521569332,1.03302924667007,14.7997133502039,1.04037532621491,0,5.6234,15,0,1,30,580.972247600555
0.45501699793266,1.03308819062368,15.1865984530494,1.03939556810506,0,5.6234,15.5,0,1,30,565.5784740448
0.446864917600415,1.03314748102968,15.5747244172639,1.03845216590594,0,5.6234,16,0,1,30,603.740756511688
0.438968768101775,1.03320285283671,15.9640602646253,1.03755061151413,0,5.6234,16.5,0,0,30,563.904609203339
0.431319150592846,1.03325002798756,16.3543805762692,1.03669115637399,0,5.6234,17,0,1,30,572.906877756119
0.42390684015299,1.03329973566352,16.7456520117174,1.03586723060965,0,5.6234,17.5,0,0,30,547.4585313797
0.416722830454562,1.03333814814189,17.1378467863898,1.03508411781569,0,5.6234,18,0,0,30,559.83496427536
0.409758365962338,1.03337925831331,17.5307776361084,1.03432829986278,0,5.6234,18.5,0,2,30,635.974857568741
0.403004964255227,1.03341675104122,17.9245708919722,1.03360197015809,0,5.6234,19,0,0,30,596.548274278641
0.396454430508787,1.03344822620917,18.3189661931189,1.03290798035451,0,5.6234,19.5,0,2,30,654.809045791626
0.390098865826133,1.03347925294254,18.7140250041524,1.03224255611641,0,5.6234,20,0,0,30,540.642451524735
0.38393067075945,1.03351023831063,19.109714228299,1.03159908608956,0,5.6234,20.5,0,2,30,644.202074050903
0.37794254507434,1.03353827479731,19.5059042678918,1.03097910417345,0,5.6234,21,0,2,30,626.849547624588
0.372127484662174,1.03356567685747,19.9026569975759,1.03038527721082,0,5.6234,21.5,0,0,30,570.29068851471
0.366478776252298,1.03358845225221,20.2998601800425,1.02981502575365,0,5.6234,22,0,0,30,594.467078447342
0.360989990518865,1.03361226064662,20.6975407415002,1.02926217988336,0,5.6234,22.5,0,2,30,622.576109886169
0.355654973995414,1.03363410173025,21.0956882630181,1.02872836286749,0,5.6234,23,0,4,30,638.265518426895
0.350467840172342,1.03364999144591,21.4941235902364,1.02821970067034,0,5.6234,23.5,0,4,30,646.428955554962
0.345422960040695,1.03366911786558,21.8930198206844,1.02772336784077,0,5.6234,24,0,4,30,522.645950555801
0.340514952315161,1.03368790304196,22.2921976827112,1.02724253041954,0,5.6234,24.5,0,1,30,437.568433523178
0.777893217898216,1.03136700876068,10.8299484077643,1.05181740083461,0,10,0,0,0,30,124.342725753784
0.777548847360575,1.03137416517853,10.8407339081791,1.05177115385739,0,10,0.5,0,0,30,244.084918737412
0.776519907445264,1.03139292029945,10.8729921078499,1.05162657035489,0,10,1,0,0,30,326.051821470261
0.774818746642273,1.03142662457764,10.9265512528909,1.05138845150278,0,10,1.5,0,0,30,259.003051996231
0.772465404516774,1.03146420860336,11.000869505981,1.05106200604245,0,10,2,0,0,30,302.013471841812
0.769486847449337,1.03151366190417,11.0954937577403,1.05065494790806,0,10,2.5,0,0,30,233.385303258896
0.765915986853409,1.03157659990508,11.2097165219796,1.05017058797963,0,10,3,0,0,30,311.146857500076
0.761790553100186,1.03164937500028,11.3427120685239,1.04961488679317,0,10,3.5,0,0,30,335.04149222374
0.757151901742683,1.03172133094814,11.4935964148301,1.04900617884421,0,10,4,0,0,30,240.347732067108
0.75204382350817,1.03180131296773,11.6615766666157,1.0483433452976,0,10,4.5,0,0,30,271.249706983566
0.746511418444968,1.03188648138261,11.8456318670513,1.04763903851015,0,10,5,0,0,30,262.331204414368
0.740600079721067,1.03197747106382,12.0447208935848,1.04689812315703,0,10,5.5,0,0,30,239.751652479172
0.734354616648971,1.03205671799246,12.2579343945794,1.04613774161112,0,10,6,0,0,30,248.587947130203
0.727818531562653,1.0321446242815,12.4844130047464,1.04535004417878,0,10,6.5,0,0,30,239.358888864517
0.721033452542118,1.03223132233877,12.7231283651251,1.04455532374398,0,10,7,0,0,30,278.170149087906
0.714038714285453,1.03231523972672,12.973232182002,1.04375056668563,0,10,7.5,0,0,30,253.570198297501
0.706871072984714,1.03240001275501,13.2338596963808,1.04293987597093,0,10,8,0,0,30,305.859729290009
0.699564537281566,1.03247987898195,13.5042592991309,1.04213740864151,0,10,8.5,0,0,30,271.880766391754
0.692150295966944,1.03255046934386,13.783714969567,1.04133862599163,0,10,9,0,0,30,299.938304185867
0.684656723279588,1.03262810621197,14.0714452739158,1.04054545431865,0,10,9.5,0,0,30,265.36412191391
0.677109444063318,1.03270028922642,14.3669734281793,1.03976597190871,0,10,10,0,0,30,219.001488924027
0.669531443078691,1.03276840527396,14.6695208576919,1.03899691029798,0,10,10.5,0,0,30,276.212750196457
0.66194320499666,1.03283358138592,14.9785925041028,1.03824106823212,0,10,11,0,0,30,293.922176361084
0.654362874075039,1.03289100687918,15.293752692273,1.03750543001285,0,10,11.5,0,0,30,270.032249212265
0.646806424573134,1.03295132232333,15.6145501618663,1.03678421348551,0,10,12,0,0,30,319.970341444016
0.639287835098271,1.03300441784623,15.9403753403297,1.0360805790786,0,10,12.5,0,0,30,441.701132297516
0.631819261638458,1.03305663114524,16.2711039293526,1.03539459084338,0,10,13,0,0,30,441.04339671135
0.624411205562236,1.03310796473521,16.6061087660473,1.03472602815119,0,10,13.5,0,0,30,435.223740577698
0.617072673960397,1.03315389333789,16.9453225546888,1.03407363526781,0,10,14,0,0,30,442.902628898621
0.609811330644685,1.03319526639572,17.2882063140312,1.03344162364879,0,10,14.5,0,0,30,433.109911203384
0.602633636843846,1.03323910515575,17.6346405392025,1.03282409984264,0,10,15,0,0,30,424.644713401794
0.595544981129231,1.03327715950256,17.9843698672102,1.0322255263881,0,10,15.5,0,0,30,441.04031586647
0.588549798559392,1.03331516289338,18.3370546858291,1.03164365854285,0,10,16,0,0,30,439.030356884003
0.581651679259273,1.03334887117317,18.6926142989409,1.03108184225393,0,10,16.5,0,0,30,439.714765787125
0.574853466883042,1.03338664039779,19.0507874997047,1.03052951598881,0,10,17,0,0,30,414.277580022812
0.568157347521297,1.03341572351998,19.4113267984937,1.02999953269748,0,10,17.5,0,0,30,440.974939584732
0.561564929674825,1.03344407954412,19.7741968469352,1.02948137273751,0,10,18,0,0,30,455.741173505783
0.555077315982695,1.03347192721563,20.1392459899358,1.02897968941767,0,10,18.5,0,0,30,451.008308887482
0.548695167362851,1.03350179594822,20.506200814756,1.02849030954628,0,10,19,0,0,30,474.688001871109
0.542418760242569,1.03352434625839,20.8750898979321,1.02801769439067,0,10,19.5,0,0,30,444.452943325043
0.536248037507232,1.03354715741918,21.2456516080835,1.02756025559558,0,10,20,0,0,30,436.189357280731
0.53018265376908,1.03357206960846,21.6178533591097,1.02711292685567,0,10,20.5,0,0,30,459.170941352844
0.524222015535359,1.03359094059667,21.991583994743,1.02667867795536,0,10,21,0,0,30,445.372107744217
0.518365316767007,1.03361316015483,22.3668142256841,1.02625795994166,0,10,21.5,0,0,30,468.067827939987
0.512611570341333,1.03362951732454,22.7433482893446,1.02584869107136,0,10,22,0,0,30,471.427900314331
0.506959635817164,1.03364818976859,23.1211955238017,1.02544846320764,0,10,22.5,0,0,30,457.720907211304
0.501408243935149,1.03366654165221,23.5002352695686,1.02506170568021,0,10,23,0,0,30,486.691922426224
0.495956018182501,1.03368384450314,23.8803564732268,1.02468546540244,0,10,23.5,0,0,30,485.857325792313
0.490601493759443,1.03369618917174,24.2616263382304,1.0243203072855,0,10,24,0,0,30,488.143087625504
0.485343134234725,1.03371049244563,24.6438323216595,1.02396431134866,0,10,24.5,0,0,30,474.579491615295
0.778403158940759,1.03324623205872,19.2301253475652,1.02870685907142,0,17.7828,0,0,0,30,142.457277774811
0.778293736309327,1.03324652105167,19.2362210818099,1.02869774335268,0,17.7828,0.5,0,0,30,404.01335144043
0.777965891727902,1.03324799015396,19.2545068980391,1.0286733200947,0,17.7828,1,0,0,30,408.939604997635
0.777420889689249,1.03325219008395,19.2849368205928,1.02863233868654,0,17.7828,1.5,0,0,30,398.402294397354
0.776660819682988,1.03325908579386,19.3273987316688,1.02857340093972,0,17.7828,2,0,0,30,386.327887058258
0.775688569724433,1.03326281591855,19.3818112528704,1.02849989500111,0,17.7828,2.5,0,0,30,430.120065689087
0.774507790293167,1.03326901402113,19.448016532281,1.02841239070135,0,17.7828,3,0,0,30,411.64798617363
0.773122849681378,1.03327821116212,19.5258358039635,1.02830681925287,0,17.7828,3.5,0,0,30,390.757730960846
0.77153878186049,1.03328535066549,19.6152295241032,1.02818929033418,0,17.7828,4,0,0,30,397.963216066361
0.769761228193163,1.03329598335518,19.7157596562185,1.02805796702775,0,17.7828,4.5,0,0,30,402.793705701828
0.767796374370601,1.0333054430514,19.8273636818076,1.02791259715494,0,17.7828,5,0,0,30,403.510586977005
0.765650883996848,1.0333182234888,19.949779913796,1.02775683322675,0,17.7828,5.5,0,0,30,431.197777032852
0.763331830228216,1.03333023400458,20.0826596352387,1.02758661739507,0,17.7828,6,0,0,30,417.967393398285
0.760846626809599,1.03334403099514,20.2258595524773,1.02740693872674,0,17.7828,6.5,0,0,30,421.474014520645
0.758202959754882,1.03335766211788,20.3789212168482,1.02721825258927,0,17.7828,7,0,0,30,435.82546710968
0.755408720775781,1.03336940122896,20.5417140681724,1.02702220352397,0,17.7828,7.5,0,0,30,450.4156935215
0.752471943420482,1.03338529117812,20.7138203859321,1.0268164815525,0,17.7828,8,0,0,30,414.984082460403
0.749400742713524,1.03339994328527,20.8949830853576,1.02660233359869,0,17.7828,8.5,0,0,30,445.467483758926
0.746203258918769,1.03341449706528,21.0848231642934,1.02638259849267,0,17.7828,9,0,0,30,414.10514330864
0.742887605894538,1.03343055540966,21.2832093692119,1.02615618089264,0,17.7828,9.5,0,0,30,413.565412998199
0.739461824329787,1.03344551962865,21.4895915795348,1.02592637711514,0,17.7828,10,0,0,30,420.57967376709
0.73593384003381,1.03346048188118,21.7039166368321,1.02569163880731,0,17.7828,10.5,0,0,30,436.756677865982
0.732311427308188,1.03347589275584,21.9256859336332,1.02545416508422,0,17.7828,11,0,0,30,420.390253782272
0.728602177333433,1.03349309300709,22.1546575485729,1.0252107371525,0,17.7828,11.5,0,0,30,440.59161734581
0.724813471399752,1.03350700317108,22.3905362809772,1.02496793121666,0,17.7828,12,0,0,30,400.359807729721
0.720952458762619,1.03352018423221,22.633116167932,1.0247235548358,0,17.7828,12.5,0,0,30,422.606739759445
0.717026038825557,1.03353799606086,22.8820893022613,1.02447449343255,0,17.7828,13,0,0,30,416.961856603622
0.713040847337261,1.03355037042252,23.1371290479101,1.02422823580913,0,17.7828,13.5,0,0,30,407.69785451889
0.709003246254332,1.03356583102269,23.3979806113398,1.02397960120688,0,17.7828,14,0,0,30,433.505056381226
0.704919316908904,1.03357935034875,23.6644326266099,1.02373076538272,0,17.7828,14.5,0,0,30,426.902696847916
0.700794856138429,1.03359538559724,23.9361874405911,1.02348292218241,0,17.7828,15,0,0,30,430.752510309219
0.696635375007927,1.03360768099537,24.2131040059461,1.02323709840896,0,17.7828,15.5,0,0,30,426.629613399506
0.69244609980291,1.03362302113421,24.4949480694596,1.02299054607123,0,17.7828,16,0,0,30,423.733708620071
0.688231974970821,1.03363540360064,24.7813911253991,1.02274712706327,0,17.7828,16.5,0,0,30,438.449995279312
0.683997667709373,1.03364650678633,25.0723639732774,1.02250432062264,0,17.7828,17,0,0,30,430.871846437454
0.679747573932582,1.03366117426655,25.3675658357882,1.02226346640358,0,17.7828,17.5,0,0,30,423.158289909363
0.675485825362927,1.03367350342542,25.6668764996909,1.02202366626579,0,17.7828,18,0,0,30,432.578271389008
0.67121629752385,1.03368320077628,25.9700243305254,1.02178806988399,0,17.7828,18.5,0,0,30,435.435147762299
0.666942618432288,1.03369608702967,26.2769736658615,1.02155412739526,0,17.7828,19,0,0,30,435.921681404114
0.662668177815512,1.03370812712003,26.5873918913714,1.02132150242209,0,17.7828,19.5,0,0,30,445.355351209641
0.658396136690294,1.03371945531693,26.9013173559514,1.02109204886216,0,17.7828,20,0,0,30,447.967983722687
0.654129437177084,1.03372975385995,27.2183999601145,1.02086592402703,0,17.7828,20.5,0,0,30,428.801853179932
0.649870812429297,1.03374067487949,27.5386824193086,1.020641696455,0,17.7828,21,0,0,30,437.217503786087
0.645622796575158,1.03374954085475,27.8618593559428,1.02042151538752,0,17.7828,21.5,0,0,30,428.851448774338
0.641387734598629,1.03375844016577,28.1879315926043,1.02020449688929,0,17.7828,22,0,0,30,445.962443351746
0.637167792080685,1.03376966818248,28.5167722121545,1.01998747023146,0,17.7828,22.5,0,0,30,437.922352552414
0.632964964749509,1.03377858582015,28.8481378914085,1.01977674416984,0,17.7828,23,0,0,30,438.332449436188
0.628781087793183,1.03378586067638,29.1820204242276,1.0195687626286,0,17.7828,23.5,0,0,30,436.408517360687
0.624617844902098,1.0337962301929,29.5183001509794,1.01936069926508,0,17.7828,24,0,0,30,445.83697104454
0.62047677700426,1.03380400830756,29.8568566156167,1.01915845757699,0,17.7828,24.5,0,0,30,446.111001491547
0.77856431186542,1.03383933733792,34.1805784812165,1.01600084564286,0,31.6228,0,0,0,30,150.720372438431
0.778529656933797,1.03383999354467,34.1839909815371,1.01599822385712,0,31.6228,0.5,0,0,30,409.771760225296
0.778425734666425,1.03384013268309,34.1943588380799,1.01599389229433,0,31.6228,1,0,0,30,409.061978578568
0.778252672473418,1.03384017430851,34.2115047311654,1.01598677090732,0,31.6228,1.5,0,0,30,407.918750286102
0.77801068212622,1.03384065926494,34.2354502580372,1.01597660831996,0,31.6228,2,0,0,30,423.735505819321
0.777700058895242,1.03384238963764,34.2662960653995,1.01596381771514,0,31.6228,2.5,0,0,30,404.236043930054
0.77732118035414,1.03384235852216,34.3039372683776,1.01594753719004,0,31.6228,3,0,0,30,433.549427509308
0.77687450485904,1.03384426986885,34.3482735563452,1.01592908035004,0,31.6228,3.5,0,0,30,426.668272733688
0.77636056971733,1.03384354609965,34.3993733406199,1.01590809195628,0,31.6228,4,0,0,30,427.12625002861
0.775779989062072,1.0338448522153,34.4571898615664,1.01588323341518,0,31.6228,4.5,0,0,30,403.634675741196
0.775133451449331,1.03384668375949,34.5216792319786,1.01585647743025,0,31.6228,5,0,0,30,402.518329381943
0.774421717198214,1.03384747929829,34.5926774580412,1.01582791692468,0,31.6228,5.5,0,0,30,404.906505823135
0.773645615494781,1.03384919886405,34.6702487570344,1.01579557879356,0,31.6228,6,0,0,30,411.17755651474
0.772806041286026,1.03385025371128,34.7543347484269,1.01576131126829,0,31.6228,6.5,0,0,30,413.431350946426
0.771903951982712,1.03385284889555,34.8448599253745,1.01572322732643,0,31.6228,7,0,0,30,416.761696100235
0.770940364001958,1.03385429246944,34.9417319005223,1.01568432099953,0,31.6228,7.5,0,0,30,398.40690112114
0.769916349171946,1.03385636002887,35.0447895943633,1.01564230493063,0,31.6228,8,0,0,30,418.323746919632
0.76883303102177,1.03385694068323,35.1541539608385,1.01559980737669,0,31.6228,8.5,0,0,30,419.760044813156
0.767691580990434,1.03385977088342,35.2696380791048,1.01555296893677,0,31.6228,9,0,0,30,413.379292964935
0.766493214569843,1.0338616219601,35.3911582071578,1.01550377335329,0,31.6228,9.5,0,0,30,414.696106433868
0.765239187414273,1.03386398853435,35.5185663645794,1.01545400727987,0,31.6228,10,0,0,30,415.11624121666
0.763930791436029,1.03386648435357,35.6519530464749,1.01540115994964,0,31.6228,10.5,0,0,30,369.365496873856
0.76256935090927,1.03386815025669,35.7911553849019,1.01534752835718,0,31.6228,11,0,0,30,357.115695476532
0.761156218607615,1.03386970350169,35.9359579118239,1.01529196158439,0,31.6228,11.5,0,0,30,263.254736185074
0.759692771989653,1.03387316573856,36.0864262863416,1.0152327313328,0,31.6228,12,0,0,30,254.800685405731
0.758180409456161,1.03387528308208,36.2424104129098,1.015175033965,0,31.6228,12.5,0,0,30,260.279090642929
0.756620546688198,1.03387741318592,36.4038979582929,1.01511352034546,0,31.6228,13,0,0,30,241.005458116531
0.755014613092623,1.03388087554976,36.5706114997619,1.0150508148414,0,31.6228,13.5,0,0,30,254.652672529221
0.753364048355337,1.03388321268926,36.7425465656088,1.01498753473098,0,31.6228,14,0,0,30,257.440657615662
0.75167029912449,1.03388536354981,36.9196452569056,1.01492278150694,0,31.6228,14.5,0,0,30,256.890666484833
0.749934815826695,1.03388865811973,37.1018241319367,1.01485587885581,0,31.6228,15,0,0,30,239.231637716293
0.748159049627565,1.03389035412803,37.2889168229536,1.01478851422286,0,31.6228,15.5,0,0,30,257.442844867706
0.74634444954281,1.03389351572263,37.4807802885275,1.01472042092864,0,31.6228,16,0,0,30,254.73885679245
0.744492459705093,1.03389640945519,37.6774974268348,1.01465048802382,0,31.6228,16.5,0,0,30,255.064905405045
0.742604516787962,1.03389884879909,37.8787561962897,1.01457966666966,0,31.6228,17,0,0,30,246.142473697662
0.740682047593696,1.03390127137764,38.0846036952943,1.01450928519831,0,31.6228,17.5,0,0,30,257.197277784348
0.738726466801844,1.03390305349964,38.2949304112066,1.0144367700889,0,31.6228,18,0,0,30,271.492326021194
0.736739174879181,1.03390618582629,38.5095582025903,1.01436417768459,0,31.6228,18.5,0,0,30,231.138292312622
0.73472155615258,1.03390950769179,38.7284684084596,1.01429007777787,0,31.6228,19,0,0,30,231.726228237152
0.732674977038178,1.03391240463653,38.9515555481108,1.0142163961069,0,31.6228,19.5,0,0,30,261.567175388336
0.730600784428027,1.0339147596624,39.1787527498319,1.01414099806526,0,31.6228,20,0,0,30,238.678330659866
0.72850030422668,1.03391737827065,39.4098830437239,1.0140653612686,0,31.6228,20.5,0,0,30,254.287830591202
0.726374840038118,1.0339194576698,39.644869682097,1.0139913686917,0,31.6228,21,0,0,30,251.628194332123
0.724225671990567,1.03392307531336,39.8836743407224,1.01391390314873,0,31.6228,21.5,0,0,30,259.798542737961
0.722054055702875,1.03392492505877,40.1261208053898,1.01383839849646,0,31.6228,22,0,0,30,248.853259086609
0.71986122138027,1.0339277138041,40.372251707264,1.01376146979834,0,31.6228,22.5,0,0,30,237.031057596207
0.717648373034899,1.03393133040541,40.6219526958263,1.01368510862475,0,31.6228,23,0,0,30,237.400415658951
0.715416687826571,1.03393363746257,40.8750597022714,1.01360807149644,0,31.6228,23.5,0,0,30,244.266685009003
0.713167315515217,1.03393618418301,41.1315443108808,1.01353045275935,0,31.6228,24,0,0,30,237.025758266449
0.710901378021726,1.03393856533737,41.3912436245297,1.01345359733159,0,31.6228,24.5,0,0,30,232.721670389175
