Gamma_e,delta_a,peak_index,peak_position
0.01,0.5,0,-0.2499754742357584
0.01,0.5,1,0.2391127498185979
0.01,1.0,0,-0.49997984499820003
0.01,1.0,1,0.49679678943481104
0.01,1.5,0,-0.7499864343306349
0.01,1.5,1,0.7481164045673724
0.01,2.0,0,-0.9999871584483623
0.01,2.0,1,0.9986550501959466
0.01,2.5,0,-1.2499920535878275
0.01,2.5,1,1.2489462506371503
0.01,3.0,0,-1.499990464305393
0.01,3.0,1,1.4991335136406028
0.01,3.5,0,-1.749993001322269
0.01,3.5,1,1.7492629474545145
0.01,4.0,0,-1.9999938470098257
0.01,4.0,1,1.9993582857120664
0.01,4.5,0,-2.2499945127655976
0.01,4.5,1,2.2494315407060794
0.01,5.0,0,-2.4999950498946775
0.01,5.0,1,2.499489643809074
0.01,5.5,0,-2.7499954920780114
0.01,5.5,1,2.7495368852582893
0.01,6.0,0,-2.999995862273226
0.01,6.0,1,2.9995760674959153
0.01,6.5,0,-3.2499961766368117
0.01,6.5,1,3.249609101005556
0.01,7.0,0,-3.49999644684471
0.01,7.0,1,3.4996373342293112
0.01,7.5,0,-3.7499966815478976
0.01,7.5,1,3.7496617467571056
0.01,8.0,0,-3.9999968872906275
0.01,8.0,1,3.9996830677392845
0.01,8.5,0,-4.2499970691052935
0.01,8.5,1,4.249701851325752
0.01,9.0,0,-4.49999723092609
0.01,9.0,1,4.499718603983791
0.01,9.5,0,-4.749997375872218
0.01,9.5,1,4.749733429911124
0.01,10.0,0,-4.999997506447998
0.01,10.0,1,4.999745989906843
0.01,10.5,0,-5.249997624686912
0.01,10.5,1,5.249758945673419
0.01,11.0,0,-5.4999977322570714
0.01,11.0,1,5.499769951720313
0.01,11.5,0,-5.749997830539598
0.01,11.5,1,5.749779994737607
0.01,12.0,0,-5.999997920687694
0.01,12.0,1,5.9997891960399645
0.01,12.5,0,-6.2499980036717275
0.01,12.5,1,6.24979765734752
0.01,13.0,0,-6.499998080314043
0.01,13.0,1,6.499805464614831
0.01,13.5,0,-6.749998151316109
0.01,13.5,1,6.7498126909561655
0.01,14.0,0,-6.999998217279924
0.01,14.0,1,6.999819398965717
0.01,14.5,0,-7.249998278725029
0.01,14.5,1,7.249825642549109
0.01,15.0,0,-7.499998336102146
0.01,15.0,1,7.499831468375851
0.01,15.5,0,-7.749998389804198
0.01,15.5,1,7.749836917060438
0.01,16.0,0,-7.999998440175291
0.01,16.0,1,7.999842024113154
0.01,16.5,0,-8.249998487518056
0.01,16.5,1,8.249846820717709
0.01,17.0,0,-8.499998532099717
0.01,17.0,1,8.499851334372021
0.01,17.5,0,-8.749998574157123
0.01,17.5,1,8.749855589414983
0.01,18.0,0,-8.999998613900944
0.01,18.0,1,8.999859607472187
0.01,18.5,0,-9.249998651519196
0.01,18.5,1,9.249863407819696
0.01,19.0,0,-9.499998687180197
0.01,19.0,1,9.499867007697429
0.01,19.5,0,-9.749998721035094
0.01,19.5,1,9.749870422571945
0.01,20.0,0,-9.999998753219996
0.01,20.0,1,9.999873666354198
0.01,20.5,0,-10.2499987838578
0.01,20.5,1,10.249876751590124
0.01,21.0,0,-10.499998813059756
0.01,21.0,1,10.499879689644372
0.01,21.5,0,-10.749998840926823
0.01,21.5,1,10.749882490803532
0.01,22.0,0,-10.999998867550827
0.01,22.0,1,10.99988516442461
0.01,22.5,0,-11.24999889301548
0.01,22.5,1,11.249887719026825
0.01,23.0,0,-11.499998917397253
0.01,23.0,1,11.499890162389551
0.01,23.5,0,-11.749998940766146
0.01,23.5,1,11.749892501625526
0.01,24.0,0,-11.999998963186364
0.01,24.0,1,11.999894743256984
0.01,24.5,0,-12.2499989847169
0.01,24.5,1,12.249896893269566
0.0178,0.5,0,-0.24991991812546574
0.0178,0.5,1,0.22909820171547549
0.0178,1.0,0,-0.4999354001093067
0.0178,1.0,1,0.49418565221232774
0.0178,1.5,0,-0.7499531006639649
0.0178,1.5,1,0.7466030671636298
0.0178,2.0,0,-0.9999596899964001
0.0178,2.0,1,0.9975785403107427
0.0178,2.5,0,-1.2499695551438363
0.0178,2.5,1,1.2481077938196752
0.0178,3.0,0,-1.4999728686612699
0.0178,3.0,1,1.4984428755532329
0.0178,3.5,0,-1.7499763352200794
0.0178,3.5,1,1.7486766481460438
0.0178,4.0,0,-1.9999805073966708
0.0178,4.0,1,1.9988480827554713
0.0178,4.5,0,-2.2499823297520756
0.0178,4.5,1,2.2489797368995847
0.0178,5.0,0,-2.499984107175655
0.0178,5.0,1,2.499084120336412
0.0178,5.5,0,-2.749985892015386
0.0178,5.5,1,2.749168967000268
0.0178,6.0,0,-2.9999868908540765
0.0178,6.0,1,2.9992393244206075
0.0178,6.5,0,-3.2499878866488614
0.0178,6.5,1,3.249298631324505
0.0178,7.0,0,-3.4999887425816603
0.0178,7.0,1,3.499349313559372
0.0178,7.5,0,-3.7499894860550467
0.0178,7.5,1,3.749392821596759
0.0178,8.0,0,-3.999990137781332
0.0178,8.0,1,3.9994313994802315
0.0178,8.5,0,-4.249990713699159
0.0178,8.5,1,4.249465109874337
0.0178,9.0,0,-4.499991226269279
0.0178,9.0,1,4.499495034369528
0.0178,9.5,0,-4.749991685371314
0.0178,9.5,1,4.749521778569812
0.0178,10.0,0,-4.999992098937411
0.0178,10.0,1,4.999545825129232
0.0178,10.5,0,-5.2499924734084376
0.0178,10.5,1,5.249567563548511
0.0178,11.0,0,-5.499992814067964
0.0178,11.0,1,5.499587311621222
0.0178,11.5,0,-5.749993125290514
0.0178,11.5,1,5.749605331254991
0.0178,12.0,0,-5.999993410726807
0.0178,12.0,1,5.9996213829895675
0.0178,12.5,0,-6.249993673438537
0.0178,12.5,1,6.249637021272632
0.0178,13.0,0,-6.499993916039908
0.0178,13.0,1,6.499651028562205
0.0178,13.5,0,-6.749994140752457
0.0178,13.5,1,6.749663993384897
0.0178,14.0,0,-6.999994349482609
0.0178,14.0,1,6.999676028097507
0.0178,14.5,0,-7.249994543875566
0.0178,14.5,1,7.249687229443417
0.0178,15.0,0,-7.499994725358515
0.0178,15.0,1,7.499697674973
0.0178,15.5,0,-7.7499948951755515
0.0178,15.5,1,7.749707456233478
0.0178,16.0,0,-7.999995054416098
0.0178,16.0,1,7.999716618299813
0.0178,16.5,0,-8.249995204038195
0.0178,16.5,1,8.249725223339382
0.0178,17.0,0,-8.499995344887711
0.0178,17.0,1,8.499733320703017
0.0178,17.5,0,-8.749995477714286
0.0178,17.5,1,8.749740954072774
0.0178,18.0,0,-8.999995603184617
0.0178,18.0,1,8.999748162252036
0.0178,18.5,0,-9.249995721893622
0.0178,18.5,1,9.249754979830355
0.0178,19.0,0,-9.49999583437384
0.0178,19.0,1,9.499761437744072
0.0178,19.5,0,-9.749995941103386
0.0178,19.5,1,9.749767563742815
0.0178,20.0,0,-9.999996042512741
0.0178,20.0,1,9.999773382789277
0.0178,20.5,0,-10.249996138990523
0.0178,20.5,1,10.249778917403452
0.0178,21.0,0,-10.499996230888465
0.0178,21.0,1,10.499784187957859
0.0178,21.5,0,-10.749996318525678
0.0178,21.5,1,10.749789212920154
0.0178,22.0,0,-10.99999640219235
0.0178,22.0,1,10.999794009075343
0.0178,22.5,0,-11.249996482152955
0.0178,22.5,1,11.249800015154305
0.0178,23.0,0,-11.49999655864903
0.0178,23.0,1,11.499802974782876
0.0178,23.5,0,-11.749996631901615
0.0178,23.5,1,11.7498071710553
0.0178,24.0,0,-11.999996702113377
0.0178,24.0,1,11.999811192226867
0.0178,24.5,0,-12.249996769470483
0.0178,24.5,1,12.24981504903758
0.0316,0.5,0,-0.24975324979458782
0.0316,0.5,1,0.20613686099095715
0.0316,1.0,0,-0.4998020654426267
0.0316,1.0,1,0.48930782565628445
0.0316,1.5,0,-0.7498497552085027
0.0316,1.5,1,0.74383302846381
0.0316,2.0,0,-0.9998825306480288
0.0316,2.0,1,0.9956191694149711
0.0316,2.5,0,-1.249903965766133
0.0316,2.5,1,1.2465838919832346
0.0316,3.0,0,-1.4999204413912544
0.0316,3.0,1,1.4971937918453688
0.0316,3.5,0,-1.7499294574936999
0.0316,3.5,1,1.7476132698236002
0.0316,4.0,0,-1.999938579127992
0.0316,4.0,1,1.9979245940137635
0.0316,4.5,0,-2.2499452214122133
0.0316,4.5,1,2.248162651670649
0.0316,5.0,0,-2.499950581247974
0.0316,5.0,1,2.4983506355010126
0.0316,5.5,0,-2.749954994183457
0.0316,5.5,1,2.7485036483616496
0.0316,6.0,0,-2.9999586890681185
0.0316,6.0,1,2.998631506488462
0.0316,6.5,0,-3.2499618266522097
0.0316,6.5,1,3.2487373681102794
0.0316,7.0,0,-3.4999645236786865
0.0316,7.0,1,3.498828687927038
0.0316,7.5,0,-3.7499668664041947
0.0316,7.5,1,3.7489076274238426
0.0316,8.0,0,-3.9999689200655206
0.0316,8.0,1,3.9989765543311027
0.0316,8.5,0,-4.249969585827994
0.0316,8.5,1,4.249037266767315
0.0316,9.0,0,-4.49997139291618
0.0316,9.0,1,4.499091155345582
0.0316,9.5,0,-4.749973796776286
0.0316,9.5,1,4.749139312663899
0.0316,10.0,0,-4.999975099994933
0.0316,10.0,1,4.9991826093094796
0.0316,10.5,0,-5.2499762800114
0.0316,10.5,1,5.24922174762069
0.0316,11.0,0,-5.49997735347187
0.0316,11.0,1,5.499257300550908
0.0316,11.5,0,-5.7499783341588
0.0316,11.5,1,5.749289740225227
0.0316,12.0,0,-5.999979233580243
0.0316,12.0,1,5.999319459163374
0.0316,12.5,0,-6.249980061419639
0.0316,12.5,1,6.249346786507741
0.0316,13.0,0,-6.499980825883088
0.0316,13.0,1,6.499372000240796
0.0316,13.5,0,-6.749981533970336
0.0316,13.5,1,6.749395336825407
0.0316,14.0,0,-6.999982191688305
0.0316,14.0,1,6.999416998660399
0.0316,14.5,0,-7.249982804220874
0.0316,14.5,1,7.249437160034593
0.0316,15.0,0,-7.499983376065017
0.0316,15.0,1,7.499455971796657
0.0316,15.5,0,-7.7499839111408
0.0316,15.5,1,7.749473565263155
0.0316,16.0,0,-7.999984412880941
0.0316,16.0,1,7.999490055179185
0.0316,16.5,0,-8.24998488430418
0.0316,16.5,1,8.249505542345428
0.0316,17.0,0,-8.499985328075809
0.0316,17.0,1,8.499520115613285
0.0316,17.5,0,-8.749985746557892
0.0316,17.5,1,8.749533853608536
0.0316,18.0,0,-8.999986141851151
0.0316,18.0,1,8.999546826226698
0.0316,18.5,0,-9.249986515830123
0.0316,18.5,1,9.249559095751302
0.0316,19.0,0,-9.499986870172776
0.0316,19.0,1,9.49957071787759
0.0316,19.5,0,-9.749987206385606
0.0316,19.5,1,9.74958174255504
0.0316,20.0,0,-9.999987525824972
0.0316,20.0,1,9.99959221474208
0.0316,20.5,0,-10.249987829715343
0.0316,20.5,1,10.249602174983304
0.0316,21.0,0,-10.499988119164938
0.0316,21.0,1,10.499611659950256
0.0316,21.5,0,-10.74998839517076
0.0316,21.5,1,10.74962070288854
0.0316,22.0,0,-10.999988658648537
0.0316,22.0,1,10.999629333993655
0.0316,22.5,0,-11.249988910436326
0.0316,22.5,1,11.249637580802114
0.0316,23.0,0,-11.499989151295084
0.0316,23.0,1,11.499645468435853
0.0316,23.5,0,-11.749989381921166
0.0316,23.5,1,11.749653019872294
0.0316,24.0,0,-11.999989602953034
0.0316,24.0,1,11.99966055642679
0.0316,24.5,0,-12.24998981497715
0.0316,24.5,1,12.249667196661052
0.0562,0.5,0,-0.24923435938791333
0.0562,1.0,0,-0.4993745929906244
0.0562,1.0,1,0.4797351981072867
0.0562,1.5,0,-0.7495285608193164
0.0562,1.5,1,0.738582976041156
0.0562,2.0,0,-0.9996328377515998
0.0562,2.0,1,0.9919491179805687
0.0562,2.5,0,-1.2496962581261009
0.0562,2.5,1,1.2437419910872023
0.0562,3.0,0,-1.4997428885726451
0.0562,3.0,1,1.4948678364775507
0.0562,3.5,0,-1.749780618955972
0.0562,3.5,1,1.7456434639045941
0.0562,4.0,0,-1.9998057938230231
0.0562,4.0,1,1.9962128331264957
0.0562,4.5,0,-2.2498267835489165
0.0562,4.5,1,2.246647551263262
0.0562,5.0,0,-2.4998436688798833
0.0562,5.0,1,2.4969921860968265
0.0562,5.5,0,-2.7498569203284107
0.0562,5.5,1,2.747271932332921
0.0562,6.0,0,-2.9998693537562136
0.0562,6.0,1,2.9975036658690883
0.0562,6.5,0,-3.2498792738484985
0.0562,6.5,1,3.2476988464078533
0.0562,7.0,0,-3.4998878014256642
0.0562,7.0,1,3.4978655377906676
0.0562,7.5,0,-3.74989621555004
0.0562,7.5,1,3.748009583880331
0.0562,8.0,0,-3.999901703009358
0.0562,8.0,1,3.9981353261093107
0.0562,8.5,0,-4.249907441872612
0.0562,8.5,1,4.248246058718562
0.0562,9.0,0,-4.499912549626633
0.0562,9.0,1,4.4983443274927115
0.0562,9.5,0,-4.749917487879966
0.0562,9.5,1,4.7484321315328595
0.0562,10.0,0,-4.999921246236134
0.0562,10.0,1,4.99851106295363
0.0562,10.5,0,-5.249924978232368
0.0562,10.5,1,5.248582405584232
0.0562,11.0,0,-5.499928373365687
0.0562,11.0,1,5.498647206414724
0.0562,11.5,0,-5.749931474690482
0.0562,11.5,1,5.748706327846005
0.0562,12.0,0,-5.99993431924808
0.0562,12.0,1,5.998761845221451
0.0562,12.5,0,-6.249936937435473
0.0562,12.5,1,6.2488102841130795
0.0562,13.0,0,-6.499939355199418
0.0562,13.0,1,6.498856227240623
0.0562,13.5,0,-6.749941594672877
0.0562,13.5,1,6.748898747779512
0.0562,14.0,0,-6.99994367484997
0.0562,14.0,1,6.998936607274777
0.0562,14.5,0,-7.24994561212263
0.0562,14.5,1,7.248974946980239
0.0562,15.0,0,-7.499947420710969
0.0562,15.0,1,7.4990092188379665
0.0562,15.5,0,-7.74995073224453
0.0562,15.5,1,7.7490412701081155
0.0562,16.0,0,-7.999949142962096
0.0562,16.0,1,7.999071310018159
0.0562,16.5,0,-8.24995219085761
0.0562,16.5,1,8.24909952244084
0.0562,17.0,0,-8.49995359437871
0.0562,17.0,1,8.499126069396546
0.0562,17.5,0,-8.749954917910804
0.0562,17.5,1,8.749151094234001
0.0562,18.0,0,-8.999956168097137
0.0562,18.0,1,8.999174724385302
0.0562,18.5,0,-9.249957350865696
0.0562,18.5,1,9.24919707338348
0.0562,19.0,0,-9.49995847152287
0.0562,19.0,1,9.499218242773209
0.0562,19.5,0,-9.749959534832806
0.0562,19.5,1,9.749238323623244
0.0562,20.0,0,-9.999960545084878
0.0562,20.0,1,9.999257397804104
0.0562,20.5,0,-10.249961506151369
0.0562,20.5,1,10.249275539276958
0.0562,21.0,0,-10.499962421536933
0.0562,21.0,1,10.499292814870651
0.0562,21.5,0,-10.749963294421189
0.0562,21.5,1,10.749309285142218
0.0562,22.0,0,-10.999964127695517
0.0562,22.0,1,10.999325005190979
0.0562,22.5,0,-11.249964923994993
0.0562,22.5,1,11.249340025168621
0.0562,23.0,0,-11.499965685726153
0.0562,23.0,1,11.499354390831
0.0562,23.5,0,-11.74996641509123
0.0562,23.5,1,11.749368144021055
0.0562,24.0,0,-11.999967114109378
0.0562,24.0,1,11.999381323147853
0.0562,24.5,0,-12.249967784635308
0.0562,24.5,1,12.249393963439175
0.1,0.5,0,-0.24763989899886502
0.1,1.0,0,-0.4980412463238244
0.1,1.0,1,0.45939641543107107
0.1,1.5,0,-0.7485152284214401
0.1,1.5,1,0.7281783473171813
0.1,2.0,0,-0.9988328297515198
0.1,2.0,1,0.9848190612536998
0.1,2.5,0,-1.2490428460310523
0.1,2.5,1,1.2382769341601572
0.1,3.0,0,-1.499190456305313
0.1,3.0,1,1.4904173307779982
0.1,3.5,0,-1.7493012762342341
0.1,3.5,1,1.7418827361624751
0.1,4.0,0,-1.99938604132608
0.1,4.0,1,1.992950702137139
0.1,4.5,0,-2.2494518265313896
0.1,4.5,1,2.243766676340704
0.1,5.0,0,-2.4995053943771617
0.1,5.0,1,2.4944110117407154
0.1,5.5,0,-2.749549514616784
0.1,5.5,1,2.7449331996332385
0.1,6.0,0,-2.99958646477851
0.1,6.0,1,2.9953652471258265
0.1,6.5,0,-3.249618224606093
0.1,6.5,1,3.2457288084691673
0.1,7.0,0,-3.4996448330500196
0.1,7.0,1,3.4960390772496788
0.1,7.5,0,-3.7496682740260345
0.1,7.5,1,3.7463060685297007
0.1,8.0,0,-3.9996888253057805
0.1,8.0,1,3.996540839911698
0.1,8.5,0,-4.249706987609669
0.1,8.5,1,4.246746651700985
0.1,9.0,0,-4.499723153629686
0.1,9.0,1,4.4969292380076835
0.1,9.5,0,-4.749737634473546
0.1,9.5,1,4.747092377873478
0.1,10.0,0,-4.999750679324267
0.1,10.0,1,4.99723891768781
0.1,10.5,0,-5.2497624917925805
0.1,10.5,1,5.247371380183102
0.1,11.0,0,-5.4997732378151065
0.1,11.0,1,5.497491675492143
0.1,11.5,0,-5.749783055673381
0.1,11.5,1,5.7476014110253875
0.1,12.0,0,-5.999792060494356
0.1,12.0,1,5.997701922349157
0.1,12.5,0,-6.249800348202431
0.1,12.5,1,6.247794328346474
0.1,13.0,0,-6.49980800174999
0.1,13.0,1,6.497879573616119
0.1,13.5,0,-6.749815091073426
0.1,13.5,1,6.747958461150108
0.1,14.0,0,-6.999821676283103
0.1,14.0,1,6.998031677970818
0.1,14.5,0,-7.249827809256316
0.1,14.5,1,7.248100066091497
0.1,15.0,0,-7.49983353477805
0.1,15.0,1,7.498163385242691
0.1,15.5,0,-7.7498388921683405
0.1,15.5,1,7.748222832545861
0.1,16.0,0,-7.999843915852216
0.1,16.0,1,7.9982785463721076
0.1,16.5,0,-8.249847321938589
0.1,16.5,1,8.248330868174543
0.1,17.0,0,-8.499853079421857
0.1,17.0,1,8.498380099061997
0.1,17.5,0,-8.749857269628617
0.1,17.5,1,8.748426505280419
0.1,18.0,0,-8.999861227692431
0.1,18.0,1,8.998470323574516
0.1,18.5,0,-9.249864972377665
0.1,18.5,1,9.248511764690575
0.1,19.0,0,-9.499868520481412
0.1,19.0,1,9.498551017245914
0.1,19.5,0,-9.749871887084588
0.1,19.5,1,9.74858825035564
0.1,20.0,0,-9.999875085765483
0.1,20.0,1,9.998623615951331
0.1,20.5,0,-10.249878127836615
0.1,20.5,1,10.248657251373853
0.1,21.0,0,-10.499881025912154
0.1,21.0,1,10.498689280671863
0.1,21.5,0,-10.749883789434655
0.1,21.5,1,10.748719816177688
0.1,22.0,0,-10.999886427556973
0.1,22.0,1,10.998748960194852
0.1,22.5,0,-11.249888948620677
0.1,22.5,1,11.248776805764003
0.1,23.0,0,-11.499891360243902
0.1,23.0,1,11.498803437870901
0.1,23.5,0,-11.749893669398126
0.1,23.5,1,11.74882893416403
0.1,24.0,0,-11.999895882475274
0.1,24.0,1,11.998853365771396
0.1,24.5,0,-12.249898005346699
0.1,24.5,1,12.248876798171777
0.1778,0.5,0,-0.24293429638728334
0.1778,1.0,0,-0.4939045309975734
0.1778,1.0,1,0.4078514555370276
0.1778,1.5,0,-0.7453363878301699
0.1778,1.5,1,0.7059447916482914
0.1778,2.0,0,-0.9963152091071467
0.1778,2.0,1,0.9701782667144145
0.1778,2.5,0,-1.2469773605507581
0.1778,2.5,1,1.2272337205581774
0.1778,3.0,0,-1.4974458810831046
0.1778,3.0,1,1.4815060173260897
0.1778,3.5,0,-1.7477939064729648
0.1778,3.5,1,1.7343909155739525
0.1778,4.0,0,-1.9980597267461127
0.1778,4.0,1,1.986476039516951
0.1778,4.5,0,-2.2482682946145425
0.1778,4.5,1,2.2380625505198304
0.1778,5.0,0,-2.4984373044353263
0.1778,5.0,1,2.4893077090437563
0.1778,5.5,0,-2.7485769482819684
0.1778,5.5,1,2.7403149629261137
0.1778,6.0,0,-2.9986932141437497
0.1778,6.0,1,2.9911456493216595
0.1778,6.5,0,-3.248792321711914
0.1778,6.5,1,3.241845136576687
0.1778,7.0,0,-3.4988775406148345
0.1778,7.0,1,3.492440542821482
0.1778,7.5,0,-3.7489515842649337
0.1778,7.5,1,3.7429551630309392
0.1778,8.0,0,-3.999016505475709
0.1778,8.0,1,3.993402025077503
0.1778,8.5,0,-4.249073119373513
0.1778,8.5,1,4.243795943122158
0.1778,9.0,0,-4.499124962875437
0.1778,9.0,1,4.494145555009284
0.1778,9.5,0,-4.7491707174285205
0.1778,9.5,1,4.744457025610094
0.1778,10.0,0,-4.999211938166106
0.1778,10.0,1,4.994737154956653
0.1778,10.5,0,-5.249249265394447
0.1778,10.5,1,5.244990208475624
0.1778,11.0,0,-5.499283224292438
0.1778,11.0,1,5.495219945818477
0.1778,11.5,0,-5.7493142505989425
0.1778,11.5,1,5.745429458995984
0.1778,12.0,0,-5.9993427073637235
0.1778,12.0,1,5.995621314749335
0.1778,12.5,0,-6.249368901151868
0.1778,12.5,1,6.245797661844976
0.1778,13.0,0,-6.4993930898782475
0.1778,13.0,1,6.495960313033722
0.1778,13.5,0,-6.749415496041563
0.1778,13.5,1,6.746110808407815
0.1778,14.0,0,-6.999436309387643
0.1778,14.0,1,6.996250464976864
0.1778,14.5,0,-7.249455692903772
0.1778,14.5,1,7.24638041569742
0.1778,15.0,0,-7.499473789380464
0.1778,15.0,1,7.496501640498355
0.1778,15.5,0,-7.749490722784471
0.1778,15.5,1,7.746614991642561
0.1778,16.0,0,-7.999506601507934
0.1778,16.0,1,7.996721213489834
0.1778,16.5,0,-8.249521521420128
0.1778,16.5,1,8.246820959353515
0.1778,17.0,0,-8.499535565884454
0.1778,17.0,1,8.49691480500803
0.1778,17.5,0,-8.749548809980944
0.1778,17.5,1,8.74700325977954
0.1778,18.0,0,-8.999561320483464
0.1778,18.0,1,8.99708677594729
0.1778,18.5,0,-9.249573156691998
0.1778,18.5,1,9.247165756287803
0.1778,19.0,0,-9.49958437125516
0.1778,19.0,1,9.497240561300734
0.1778,19.5,0,-9.749595012043875
0.1778,19.5,1,9.747311513890569
0.1778,20.0,0,-9.99960512209448
0.1778,20.0,1,9.99737890452045
0.1778,20.5,0,-10.249614740147441
0.1778,20.5,1,10.247442995229541
0.1778,21.0,0,-10.499623901266153
0.1778,21.0,1,10.497504022905112
0.1778,21.5,0,-10.749632636846611
0.1778,21.5,1,10.747562202134771
0.1778,22.0,0,-10.999640975805432
0.1778,22.0,1,10.997617728122224
0.1778,22.5,0,-11.249648944813565
0.1778,22.5,1,11.247670778426194
0.1778,23.0,0,-11.499656567949181
0.1778,23.0,1,11.497721515190719
0.1778,23.5,0,-11.74966419000333
0.1778,23.5,1,11.747770086797985
0.1778,24.0,0,-11.999670862909275
0.1778,24.0,1,11.997816628705449
0.1778,24.5,0,-12.249677573494624
0.1778,24.5,1,12.247861265982051
0.3162,0.5,0,-0.23001750055265832
0.3162,1.0,0,-0.48132996809993106
0.3162,1.5,0,-0.7354284198179064
0.3162,1.5,1,0.6511069754705046
0.3162,2.0,0,-0.9884157493135488
0.3162,2.0,1,0.9370374577528554
0.3162,2.5,0,-1.2404772955501082
0.3162,2.5,1,1.2030372310075408
0.3162,3.0,0,-1.4919458261641336
0.3162,3.0,1,1.4622950064270097
0.3162,3.5,0,-1.7430335743020526
0.3162,3.5,1,1.7183936120339482
0.3162,4.0,0,-1.9938687902247914
0.3162,4.0,1,1.9727392062550764
0.3162,4.5,0,-2.244528239521359
0.3162,4.5,1,2.2260056971391267
0.3162,5.0,0,-2.495061335887746
0.3162,5.0,1,2.478557343220343
0.3162,5.5,0,-2.745500812120851
0.3162,5.5,1,2.7306067281120128
0.3162,6.0,0,-2.9958691136625406
0.3162,6.0,1,2.9822942227275298
0.3162,6.5,0,-3.246182104328017
0.3162,6.5,1,3.2337064900102113
0.3162,7.0,0,-3.496451293216041
0.3162,7.0,1,3.4849072525704052
0.3162,7.5,0,-3.7466855280584603
0.3162,7.5,1,3.7359411857589917
0.3162,8.0,0,-3.9968903602738157
0.3162,8.0,1,3.9868411134475754
0.3162,8.5,0,-4.247071691543145
0.3162,8.5,1,4.23763171690605
0.3162,9.0,0,-4.497233117437669
0.3162,9.0,1,4.488331926584848
0.3162,9.5,0,-4.747377321678733
0.3162,9.5,1,4.738956513704899
0.3162,10.0,0,-4.997508028489672
0.3162,10.0,1,4.989517178852561
0.3162,10.5,0,-5.247626022544121
0.3162,10.5,1,5.24002331451948
0.3162,11.0,0,-5.4977333755218565
0.3162,11.0,1,5.490482549462862
0.3162,11.5,0,-5.74783146045174
0.3162,11.5,1,5.740901146614738
0.3162,12.0,0,-5.99792142659485
0.3162,12.0,1,5.991284296295177
0.3162,12.5,0,-6.248004238846649
0.3162,12.5,1,6.2416363374408075
0.3162,13.0,0,-6.498080882100959
0.3162,13.0,1,6.491960926090501
0.3162,13.5,0,-6.748151559769552
0.3162,13.5,1,6.742261164766781
0.3162,14.0,0,-6.998217367052044
0.3162,14.0,1,6.992539703868837
0.3162,14.5,0,-7.248278656056796
0.3162,14.5,1,7.242798821728815
0.3162,15.0,0,-7.498335876275227
0.3162,15.0,1,7.493040487222237
0.3162,15.5,0,-7.748389419531595
0.3162,15.5,1,7.743266411263345
0.3162,16.0,0,-7.998439628611127
0.3162,16.0,1,7.993478087554938
0.3162,16.5,0,-8.248486805249609
0.3162,16.5,1,8.243676826141677
0.3162,17.0,0,-8.49853121592971
0.3162,17.0,1,8.493863780789342
0.3162,17.5,0,-8.748573096637237
0.3162,17.5,1,8.74403997181248
0.3162,18.0,0,-8.998612657303246
0.3162,18.0,1,8.99420630475075
0.3162,18.5,0,-9.248650086120069
0.3162,18.5,1,9.244363586297176
0.3162,19.0,0,-9.49868554884688
0.3162,19.0,1,9.49451253697866
0.3162,19.5,0,-9.748719198098337
0.3162,19.5,1,9.744653803010968
0.3162,20.0,0,-9.998751169299208
0.3162,20.0,1,9.99478796510374
0.3162,20.5,0,-10.248781583581264
0.3162,20.5,1,10.24491554680258
0.3162,21.0,0,-10.498810552989498
0.3162,21.0,1,10.495037021583576
0.3162,21.5,0,-10.74883817757934
0.3162,21.5,1,10.745153835299282
0.3162,22.0,0,-10.998864549487228
0.3162,22.0,1,10.995263326627022
0.3162,22.5,0,-11.24888975100668
0.3162,22.5,1,11.245368901288462
0.3162,23.0,0,-11.49891385841634
0.3162,23.0,1,11.495469865584267
0.3162,23.5,0,-11.748936942263994
0.3162,23.5,1,11.745566515792751
0.3162,24.0,0,-11.998959065456564
0.3162,24.0,1,11.99566051636706
0.3162,24.5,0,-12.24898028738286
0.3162,24.5,1,12.245747935824426
0.5623,0.5,0,-0.2000971984150294
0.5623,1.0,0,-0.4448570715482433
0.5623,1.5,0,-0.7048947811481864
0.5623,1.5,1,0.4212086109531511
0.5623,2.0,0,-0.9636821686444088
0.5623,2.0,1,0.8487326096147113
0.5623,2.5,0,-1.2200096227019412
0.5623,2.5,1,1.143231078277518
0.5623,3.0,0,-1.4745868550978123
0.5623,3.0,1,1.4163720326529095
0.5623,3.5,0,-1.7280005346355685
0.5623,3.5,1,1.6808587418889127
0.5623,4.0,0,-1.9806302982130934
0.5623,4.0,1,1.9408801969580982
0.5623,4.5,0,-2.23270913049018
0.5623,4.5,1,2.1982660766177164
0.5623,5.0,0,-2.4843900845044797
0.5623,5.0,1,2.453954321097516
0.5623,5.5,0,-2.7357774878344734
0.5623,5.5,1,2.7084842849934847
0.5623,6.0,0,-2.9869406721409075
0.5623,6.0,1,2.9621805506070054
0.5623,6.5,0,-3.237929449497715
0.5623,6.5,1,3.215258875613319
0.5623,7.0,0,-3.4887810231250653
0.5623,7.0,1,3.467864133900057
0.5623,7.5,0,-3.7395192915808084
0.5623,7.5,1,3.720098539983526
0.5623,8.0,0,-3.990167647049725
0.5623,8.0,1,3.972038804977733
0.5623,8.5,0,-4.240740808527343
0.5623,8.5,1,4.223738971338329
0.5623,9.0,0,-4.491251086688345
0.5623,9.0,1,4.475241484126282
0.5623,9.5,0,-4.741708065766275
0.5623,9.5,1,4.726579425068837
0.5623,10.0,0,-4.992120164447692
0.5623,10.0,1,4.977778682604625
0.5623,10.5,0,-5.242493202340855
0.5623,10.5,1,5.228859943849608
0.5623,11.0,0,-5.492832607535029
0.5623,11.0,1,5.479839946957448
0.5623,11.5,0,-5.743142720933503
0.5623,11.5,1,5.7307325565333995
0.5623,12.0,0,-5.993428458554251
0.5623,12.0,1,5.981548575962612
0.5623,12.5,0,-6.243689005917511
0.5623,12.5,1,6.2322979522185875
0.5623,13.0,0,-6.493930818433899
0.5623,13.0,1,6.48298844561141
0.5623,13.5,0,-6.744154815545994
0.5623,13.5,1,6.73362677335728
0.5623,14.0,0,-6.994362892911774
0.5623,14.0,1,6.984218663225615
0.5623,14.5,0,-7.244556686976318
0.5623,14.5,1,7.2347690300230685
0.5623,15.0,0,-7.494737617936421
0.5623,15.0,1,7.4852820638341075
0.5623,15.5,0,-7.744906922886351
0.5623,15.5,1,7.735761600407598
0.5623,16.0,0,-7.995065686039909
0.5623,16.0,1,7.986210694721829
0.5623,16.5,0,-8.24521486195887
0.5623,16.5,1,8.236632209881307
0.5623,17.0,0,-8.49535529269451
0.5623,17.0,1,8.487028620704578
0.5623,17.5,0,-8.745487723304203
0.5623,17.5,1,8.737402112568189
0.5623,18.0,0,-8.995612819143084
0.5623,18.0,1,8.98775462410991
0.5623,18.5,0,-9.245731172175157
0.5623,18.5,1,9.238087880449028
0.5623,19.0,0,-9.495843312879256
0.5623,19.0,1,9.488403422030826
0.5623,19.5,0,-9.745949717210197
0.5623,19.5,1,9.738702628873371
0.5623,20.0,0,-9.996050813990529
0.5623,20.0,1,9.988986741091276
0.5623,20.5,0,-10.246146990608441
0.5623,20.5,1,10.239256875124285
0.5623,21.0,0,-10.496238597512509
0.5623,21.0,1,10.489514041062154
0.5623,21.5,0,-10.746325952526671
0.5623,21.5,1,10.73975915283717
0.5623,22.0,0,-10.996409344728148
0.5623,22.0,1,10.989993040542183
0.5623,22.5,0,-11.246489037515241
0.5623,22.5,1,11.240216459548478
0.5623,23.0,0,-11.496565271868002
0.5623,23.0,1,11.490430098920077
0.5623,23.5,0,-11.74663826730273
0.5623,23.5,1,11.740634587950183
0.5623,24.0,0,-11.996708226822973
0.5623,24.0,1,11.990830503799737
0.5623,24.5,0,-12.246775335161962
0.5623,24.5,1,12.241018375230698
1.0,0.5,0,-0.15093004080604616
1.0,1.0,0,-0.3549672837614765
1.0,1.5,0,-0.6144017451504098
1.0,2.0,0,-0.8866625226768762
1.0,2.5,0,-1.1554161568811394
1.0,2.5,1,0.9585236848820735
1.0,3.0,0,-1.419586305908102
1.0,3.0,1,1.2880486374228153
1.0,3.5,0,-1.6803210085209883
1.0,3.5,1,1.5805094024504551
1.0,4.0,0,-1.9386298782088933
1.0,4.0,1,1.8578137331073579
1.0,4.5,0,-2.195217068285831
1.0,4.5,1,2.1270946882295614
1.0,5.0,0,-2.4505519020462216
1.0,5.0,1,2.391533683103316
1.0,5.5,0,-2.704953656382492
1.0,5.5,1,2.65279708034878
1.0,6.0,0,-2.958643804722823
1.0,6.0,1,2.9118584495869304
1.0,6.5,0,-3.2117803515705643
1.0,6.5,1,3.169317798044687
1.0,7.0,0,-3.464477853609602
1.0,7.0,1,3.425575667548359
1.0,7.5,0,-3.7168218699311324
1.0,7.5,1,3.6809066532367187
1.0,8.0,0,-3.968877195604304
1.0,8.0,1,3.9355069366044
1.0,8.5,0,-4.22069491164013
1.0,8.5,1,4.189518468695925
1.0,9.0,0,-4.4723108138515855
1.0,9.0,1,4.443050534256238
1.0,9.5,0,-4.723759292549751
1.0,9.5,1,4.696185769033093
1.0,10.0,0,-4.975064193350469
1.0,10.0,1,4.948987025028317
1.0,10.5,0,-5.226245794767931
1.0,10.5,1,5.201506984047187
1.0,11.0,0,-5.4773207388199
1.0,11.0,1,5.453786135589689
1.0,11.5,0,-5.7283013361438195
1.0,11.5,1,5.70585783083433
1.0,12.0,0,-5.979203519085965
1.0,12.0,1,5.957749474593978
1.0,12.5,0,-6.230032557677926
1.0,12.5,1,6.209483805304933
1.0,13.0,0,-6.480798137273365
1.0,13.0,1,6.461079853922201
1.0,13.5,0,-6.7315069048724245
1.0,13.5,1,6.712553675784112
1.0,14.0,0,-6.982165951272991
1.0,14.0,1,6.9639189140377065
1.0,14.5,0,-7.232779387718548
1.0,14.5,1,7.215187239667114
1.0,15.0,0,-7.483352076416988
1.0,15.0,1,7.466368696775967
1.0,15.5,0,-7.733887942563875
1.0,15.5,1,7.717471978932281
1.0,16.0,0,-7.984391929952846
1.0,16.0,1,7.968504649739641
1.0,16.5,0,-8.234862538129512
1.0,16.5,1,8.219473321873945
1.0,17.0,0,-8.485306959160773
1.0,17.0,1,8.47038380179078
1.0,17.5,0,-8.735726051624967
1.0,17.5,1,8.721241211480818
1.0,18.0,0,-8.986121918235378
1.0,18.0,1,8.972050085201413
1.0,18.5,0,-9.236496436425675
1.0,18.5,1,9.222814452347935
1.0,19.0,0,-9.486850587488403
1.0,19.0,1,9.473537906516265
1.0,19.5,0,-9.737187976607617
1.0,19.5,1,9.7242236624855
1.0,20.0,0,-9.987507865644595
1.0,20.0,1,9.974874605650436
1.0,20.5,0,-10.237812180258166
1.0,20.5,1,10.225493332977042
1.0,21.0,0,-10.48810202848856
1.0,21.0,1,10.476082187949542
1.0,21.5,0,-10.738378419081899
1.0,21.5,1,10.726643291535868
1.0,22.0,0,-10.98864226658434
1.0,22.0,1,10.977178568380236
1.0,22.5,0,-11.238894405482464
1.0,22.5,1,11.227689767715054
1.0,23.0,0,-11.489135598530988
1.0,23.0,1,11.47817848436227
1.0,23.5,0,-11.739366541697871
1.0,23.5,1,11.728646174275681
1.0,24.0,0,-11.989587875804903
1.0,24.0,1,11.979094170615987
1.0,24.5,0,-12.239800187801485
1.0,24.5,1,12.229523695148396
1.7783,0.5,0,-0.09975508681740984
1.7783,1.0,0,-0.22413264208172637
1.7783,1.5,0,-0.40624966362959464
1.7783,2.0,0,-0.6616347037253151
1.7783,2.5,0,-0.9519777579746537
1.7783,3.0,0,-1.2430148530836864
1.7783,3.5,0,-1.5266903564073413
1.7783,3.5,1,1.2359586411744132
1.7783,4.0,0,-1.803402854819699
1.7783,4.0,1,1.5987832737004037
1.7783,4.5,0,-2.074726550997535
1.7783,4.5,1,1.9153775844674408
1.7783,5.0,0,-2.342013654881892
1.7783,5.0,1,2.21105884905124
1.7783,5.5,0,-2.6062606998808677
1.7783,5.5,1,2.4948503058842517
1.7783,6.0,0,-2.8681829864729176
1.7783,6.0,1,2.7710644948721757
1.7783,6.5,0,-3.128295500209591
1.7783,6.5,1,3.042092406714379
1.7783,7.0,0,-3.386976536984676
1.7783,7.0,1,3.309388763922963
1.7783,7.5,0,-3.644506984532894
1.7783,7.5,1,3.573898001933416
1.7783,8.0,0,-3.9010998179381855
1.7783,8.0,1,3.8362637510711783
1.7783,8.5,0,-4.156918583611364
1.7783,8.5,1,4.096941615237036
1.7783,9.0,0,-4.412092608226283
1.7783,9.0,1,4.356264149668989
1.7783,9.5,0,-4.666722123375132
1.7783,9.5,1,4.6144803414258515
1.7783,10.0,0,-4.920888881540292
1.7783,10.0,1,4.871780648384442
1.7783,10.5,0,-5.1746588369136495
1.7783,10.5,1,5.128313457878571
1.7783,11.0,0,-5.428086012973631
1.7783,11.0,1,5.384196235264377
1.7783,11.5,0,-5.681214897008824
1.7783,11.5,1,5.639523273551623
1.7783,12.0,0,-5.9340832592936845
1.7783,12.0,1,5.894371203431632
1.7783,12.5,0,-6.186721866114841
1.7783,12.5,1,6.148802990129503
1.7783,13.0,0,-6.4391573809106815
1.7783,13.0,1,6.402870879880492
1.7783,13.5,0,-6.6914123731888004
1.7783,13.5,1,6.6566186134675585
1.7783,14.0,0,-6.943506187777967
1.7783,14.0,1,6.910083104499558
1.7783,14.5,0,-7.1954555057381775
1.7783,14.5,1,7.163295736338698
1.7783,15.0,0,-7.447274780955317
1.7783,15.0,1,7.416284818185266
1.7783,15.5,0,-7.6989766055923345
1.7783,15.5,1,7.669069131346554
1.7783,16.0,0,-7.950571996233829
1.7783,16.0,1,7.921673057450471
1.7783,16.5,0,-8.202070633819613
1.7783,16.5,1,8.174112586340867
1.7783,17.0,0,-8.453482291777934
1.7783,17.0,1,8.426402977342823
1.7783,17.5,0,-8.704810840703527
1.7783,17.5,1,8.678557638988462
1.7783,18.0,0,-8.956066700077402
1.7783,18.0,1,8.930588406378998
1.7783,18.5,0,-9.207254634936927
1.7783,18.5,1,9.182505765535188
1.7783,19.0,0,-9.458380011504598
1.7783,19.0,1,9.434319042300894
1.7783,19.5,0,-9.70944764449749
1.7783,19.5,1,9.686036559250848
1.7783,20.0,0,-9.960461867212135
1.7783,20.0,1,9.937665768642095
1.7783,20.5,0,-10.211426590043983
1.7783,20.5,1,10.189213361985113
1.7783,21.0,0,-10.462345350553317
1.7783,21.0,1,10.440685368778412
1.7783,21.5,0,-10.713221357008111
1.7783,21.5,1,10.692087233883033
1.7783,22.0,0,-10.964057526482213
1.7783,22.0,1,10.94342388796366
1.7783,22.5,0,-11.21485651629187
1.7783,22.5,1,11.194699807399083
1.7783,23.0,0,-11.465620751545552
1.7783,23.0,1,11.445919066664585
1.7783,23.5,0,-11.716352451461859
1.7783,23.5,1,11.69708537987464
1.7783,24.0,0,-11.967053652904996
1.7783,24.0,1,11.948202142783824
1.7783,24.5,0,-12.217726221522637
1.7783,24.5,1,12.19927246567742
3.1623,0.5,0,-0.061288035480229805
3.1623,1.0,0,-0.12877613296107962
3.1623,1.5,0,-0.21091104048169532
3.1623,2.0,0,-0.32170512493464504
3.1623,2.5,0,-0.484528632105629
3.1623,3.0,0,-0.7236096513277219
3.1623,3.5,0,-1.027020814885835
3.1623,4.0,0,-1.3512252425645368
3.1623,4.5,0,-1.6707147422691664
3.1623,5.0,0,-1.9796718004945326
3.1623,5.0,1,1.4991279099230983
3.1623,5.5,0,-2.2787280420948046
3.1623,5.5,1,1.938222524153153
3.1623,6.0,0,-2.5696843839582364
3.1623,6.0,1,2.302225017665105
3.1623,6.5,0,-2.854215676438584
3.1623,6.5,1,2.633123170766666
3.1623,7.0,0,-3.1336540141211704
3.1623,7.0,1,2.9448758620658335
3.1623,7.5,0,-3.4090199201575144
3.1623,7.5,1,3.244113018856663
3.1623,8.0,0,-3.681091664328326
3.1623,8.0,1,3.534554729644868
3.1623,8.5,0,-3.9504668706909984
3.1623,8.5,1,3.818507820194764
3.1623,9.0,0,-4.217609474125275
3.1623,9.0,1,4.097502038113262
3.1623,9.5,0,-4.482884176317105
3.1623,9.5,1,4.372601520684241
3.1623,10.0,0,-4.746580209496669
3.1623,10.0,1,4.644578643125349
3.1623,10.5,0,-5.008930881378105
3.1623,10.5,1,4.914003401816168
3.1623,11.0,0,-5.27012650477818
3.1623,11.0,1,5.181313356175399
3.1623,11.5,0,-5.530321505091698
3.1623,11.5,1,5.446848126412311
3.1623,12.0,0,-5.78964503404896
3.1623,12.0,1,5.710876420275596
3.1623,12.5,0,-6.048204665042425
3.1623,12.5,1,5.973613994112984
3.1623,13.0,0,-6.306090943054319
3.1623,13.0,1,6.235236329094414
3.1623,13.5,0,-6.5633806204250265
3.1623,13.5,1,6.495887777262926
3.1623,14.0,0,-6.820139188883
3.1623,14.0,1,6.755688288194735
3.1623,14.5,0,-7.076422871071326
3.1623,14.5,1,7.014738438489661
3.1623,15.0,0,-7.332280205414447
3.1623,15.0,1,7.273123254423539
3.1623,15.5,0,-7.5877533178976
3.1623,15.5,1,7.5309151472520774
3.1623,16.0,0,-7.842879401617503
3.1623,16.0,1,7.788176204109334
3.1623,16.5,0,-8.097689281584309
3.1623,16.5,1,8.044959988774792
3.1623,17.0,0,-8.352212642702296
3.1623,17.0,1,8.301312977156941
3.1623,17.5,0,-8.606474049874267
3.1623,17.5,1,8.557275705889387
3.1623,18.0,0,-8.860495690162972
3.1623,18.0,1,8.812883703949888
3.1623,18.5,0,-9.114297305366081
3.1623,18.5,1,9.06816825111428
3.1623,19.0,0,-9.367896525656153
3.1623,19.0,1,9.323157003767584
3.1623,19.5,0,-9.621309140108007
3.1623,19.5,1,9.577874510454903
3.1623,20.0,0,-9.874549334787686
3.1623,20.0,1,9.832342640587118
3.1623,20.5,0,-10.127629887559351
3.1623,20.5,1,10.086580944229812
3.1623,21.0,0,-10.380562344816889
3.1623,21.0,1,10.34060695534997
3.1623,21.5,0,-10.633357161103918
3.1623,21.5,1,10.594436447800536
3.1623,22.0,0,-10.886023828016784
3.1623,22.0,1,10.84808365289757
3.1623,22.5,0,-11.138570982522804
3.1623,22.5,1,11.101561443646052
3.1623,23.0,0,-11.391006500739124
3.1623,23.0,1,11.354881497730466
3.1623,23.5,0,-11.643337579746937
3.1623,23.5,1,11.608054432253693
3.1623,24.0,0,-11.895570810691416
3.1623,24.0,1,11.861089921147514
3.1623,24.5,0,-12.14771223962609
3.1623,24.5,1,12.113996803254306
5.6234,0.5,0,-0.03627334038410308
5.6234,1.0,0,-0.07384225028891953
5.6234,1.5,0,-0.11417220725578094
5.6234,2.0,0,-0.1591407898972879
5.6234,2.5,0,-0.21137409843072294
5.6234,3.0,0,-0.27484821692615363
5.6234,3.5,0,-0.35593965903881625
5.6234,4.0,0,-0.4652898201510235
5.6234,4.5,0,-0.6202193987951128
5.6234,5.0,0,-0.8434346842903325
5.6234,5.5,0,-1.1452385525582385
5.6234,6.0,0,-1.500187356169593
5.6234,6.5,0,-1.869157454781198
5.6234,7.0,0,-2.230740774481464
5.6234,7.5,0,-2.5790638955676313
5.6234,7.5,1,1.6894257449378596
5.6234,8.0,0,-2.9142968187988636
5.6234,8.0,1,2.3185908536157576
5.6234,8.5,0,-3.238179530930768
5.6234,8.5,1,2.7736436436828575
5.6234,9.0,0,-3.552575259932926
5.6234,9.0,1,3.1690014963784616
5.6234,9.5,0,-3.8591109273612565
5.6234,9.5,1,3.5315652016287937
5.6234,10.0,0,-4.159111996998051
5.6234,10.0,1,3.8729317188181787
5.6234,10.5,0,-4.453643678343224
5.6234,10.5,1,4.199351180473124
5.6234,11.0,0,-4.743563125118489
5.6234,11.0,1,4.514634952771471
5.6234,11.5,0,-5.029557092798652
5.6234,11.5,1,4.82129934974652
5.6234,12.0,0,-5.31218576566525
5.6234,12.0,1,5.121100723979087
5.6234,12.5,0,-5.591907220389843
5.6234,12.5,1,5.415316631789421
5.6234,13.0,0,-5.869099749094825
5.6234,13.0,1,5.704906479323576
5.6234,13.5,0,-6.144078343077312
5.6234,13.5,1,5.990609324861006
5.6234,14.0,0,-6.417107351487124
5.6234,14.0,1,6.273006464963801
5.6234,14.5,0,-6.688410262378965
5.6234,14.5,1,6.552563131290116
5.6234,15.0,0,-6.958177318468894
5.6234,15.0,1,6.829657202216498
5.6234,15.5,0,-7.226571503188377
5.6234,15.5,1,7.104599531216456
5.6234,16.0,0,-7.493733277519692
5.6234,16.0,1,7.377648686068656
5.6234,16.5,0,-7.759784363824582
5.6234,16.5,1,7.649021853626287
5.6234,17.0,0,-8.024830791913839
5.6234,17.0,1,7.918903051481758
5.6234,17.5,0,-8.288965362878969
5.6234,17.5,1,8.187449409522602
5.6234,18.0,0,-8.552269670634658
5.6234,18.0,1,8.454796042181837
5.6234,18.5,0,-8.814815750777754
5.6234,18.5,1,8.721059873980833
5.6234,19.0,0,-9.076667455602648
5.6234,19.0,1,8.986342676643527
5.6234,19.5,0,-9.33788159056591
5.6234,19.5,1,9.250733025935137
5.6234,20.0,0,-9.598508867766737
5.6234,20.0,1,9.514310665039547
5.6234,20.5,0,-9.858594708412769
5.6234,20.5,1,9.777143328542131
5.6234,21.0,0,-10.118179920811832
5.6234,21.0,1,10.039292852175327
5.6234,21.5,0,-10.377301274716032
5.6234,21.5,1,10.300812572469054
5.6234,22.0,0,-10.63599199344269
5.6234,22.0,1,10.561755701906053
5.6234,22.5,0,-10.894282173731213
5.6234,22.5,1,10.822160674386318
5.6234,23.0,0,-11.152199148483446
5.6234,23.0,1,11.082069642952977
5.6234,23.5,0,-11.409767798287975
5.6234,23.5,1,11.341517667832866
5.6234,24.0,0,-11.667010822690436
5.6234,24.0,1,11.600536914924282
5.6234,24.5,0,-11.923948975279632
5.6234,24.5,1,11.859156568844789
10.0,0.5,0,-0.0210154105317581
10.0,1.0,0,-0.04228637917465285
10.0,1.5,0,-0.0640629084287093
10.0,2.0,0,-0.08664469169036138
10.0,2.5,0,-0.11035488321487379
10.0,3.0,0,-0.13557348482468926
10.0,3.5,0,-0.16277600836103456
10.0,4.0,0,-0.19255218972324414
10.0,4.5,0,-0.22566878993615033
10.0,5.0,0,-0.2631446516473712
10.0,5.5,0,-0.3063759474787271
10.0,6.0,0,-0.3573272299950815
10.0,6.5,0,-0.4188475520519848
10.0,7.0,0,-0.49519015084444923
10.0,7.5,0,-0.592864857383787
10.0,8.0,0,-0.7219326094243035
10.0,8.5,0,-0.8974034239558437
10.0,9.0,0,-1.1383129057829133
10.0,9.5,0,-1.4579984994946802
10.0,10.0,0,-1.846014860162741
10.0,10.5,0,-2.2689995154695346
10.0,11.0,0,-2.6962709023136813
10.0,11.5,0,-3.112459437576784
10.0,12.0,0,-3.5129105085396812
10.0,12.5,0,-3.8976147602653985
10.0,12.5,1,2.8852665971233606
10.0,13.0,0,-4.268094427915087
10.0,13.0,1,3.4838164812874544
10.0,13.5,0,-4.62617836622104
10.0,13.5,1,3.9775390545132536
10.0,14.0,0,-4.973583050446422
10.0,14.0,1,4.41806018779857
10.0,14.5,0,-5.311801423808449
10.0,14.5,1,4.825007553671524
10.0,15.0,0,-5.642089912264585
10.0,15.0,1,5.20841049942766
10.0,15.5,0,-5.965500715413085
10.0,15.5,1,5.574223788807206
10.0,16.0,0,-6.282911978409097
10.0,16.0,1,5.926324985519746
10.0,16.5,0,-6.5950593101663095
10.0,16.5,1,6.2674094505719244
10.0,17.0,0,-6.902562027167634
10.0,17.0,1,6.599429340552278
10.0,17.5,0,-7.20594458561735
10.0,17.5,1,6.9238579256993384
10.0,18.0,0,-7.505653821327137
10.0,18.0,1,7.241834124487467
10.0,18.5,0,-7.802072739654069
10.0,18.5,1,7.5542590538830705
10.0,19.0,0,-8.095531556958294
10.0,19.0,1,7.861858961863087
10.0,19.5,0,-8.386316559879031
10.0,19.5,1,8.165228314159846
10.0,20.0,0,-8.674677261948041
10.0,20.0,1,8.464860191838651
10.0,20.5,0,-8.960832203542225
10.0,20.5,1,8.761168271690591
10.0,21.0,0,-9.24497368862318
10.0,21.0,1,9.054503094419454
10.0,21.5,0,-9.527271674466144
10.0,21.5,1,9.345164316739352
10.0,22.0,0,-9.807878006507899
10.0,22.0,1,9.633410100934768
10.0,22.5,0,-10.086923977445542
10.0,22.5,1,9.91946441744362
10.0,23.0,0,-10.364532773475784
10.0,23.0,1,10.203522799117142
10.0,23.5,0,-10.640811131148475
10.0,23.5,1,10.485756920867484
10.0,24.0,0,-10.915856028011335
10.0,24.0,1,10.766318294572674
10.0,24.5,0,-11.189754998484942
10.0,24.5,1,11.045341271862332
17.7828,0.5,0,-0.012023098241367264
17.7828,1.0,0,-0.02409730839505614
17.7828,1.5,0,-0.03626263042592935
17.7828,2.0,0,-0.0485723983457057
17.7828,2.5,0,-0.06107327841514461
17.7828,3.0,0,-0.07382860828032775
17.7828,3.5,0,-0.08688891068998174
17.7828,4.0,0,-0.10031966770090184
17.7828,4.5,0,-0.11419184667351938
17.7828,5.0,0,-0.12858264025541913
17.7828,5.5,0,-0.1435796311179169
17.7828,6.0,0,-0.15928241059897622
17.7828,6.5,0,-0.17580535932914282
17.7828,7.0,0,-0.19328112950491597
17.7828,7.5,0,-0.21186505615253703
17.7828,8.0,0,-0.23174082273599056
17.7828,8.5,0,-0.2531278008395597
17.7828,9.0,0,-0.2762906960554147
17.7828,9.5,0,-0.301552386539797
17.7828,10.0,0,-0.32931123820118535
17.7828,10.5,0,-0.36006438740588476
17.7828,11.0,0,-0.39444278645044806
17.7828,11.5,0,-0.43325357952848065
17.7828,12.0,0,-0.47755123315324843
17.7828,12.5,0,-0.52873337119223
17.7828,13.0,0,-0.5886868903763594
17.7828,13.5,0,-0.660007798630562
17.7828,14.0,0,-0.7463353383994388
17.7828,14.5,0,-0.8528550495499106
17.7828,15.0,0,-0.9870191365543342
17.7828,15.5,0,-1.1594178100144177
17.7828,16.0,0,-1.3842422295741832
17.7828,16.5,0,-1.677436454432402
17.7828,17.0,0,-2.0492430885213997
17.7828,17.5,0,-2.4925872887532186
17.7828,18.0,0,-2.981396255053578
17.7828,18.5,0,-3.485640325307161
17.7828,19.0,0,-3.9848335462757714
17.7828,19.5,0,-4.469253629542762
17.7828,20.0,0,-4.935815604818257
17.7828,20.5,0,-5.384573088371957
17.7828,20.5,1,3.704571059396174
17.7828,21.0,0,-5.816815884911625
17.7828,21.0,1,4.523669789230029
17.7828,21.5,0,-6.234195445446256
17.7828,21.5,1,5.1607358537411
17.7828,22.0,0,-6.638359499554023
17.7828,22.0,1,5.714660739996264
17.7828,22.5,0,-7.030816030347291
17.7828,22.5,1,6.217787164257609
17.7828,23.0,0,-7.4128956421376335
17.7828,23.0,1,6.6857006390322296
17.7828,23.5,0,-7.785753993584832
17.7828,23.5,1,7.127377361560038
17.7828,24.0,0,-8.15038881540616
17.7828,24.0,1,7.548563843793726
17.7828,24.5,0,-8.50766070850274
17.7828,24.5,1,7.9532081591274455
31.6228,0.5,0,-0.006828601929005764
31.6228,1.0,0,-0.013667204263347438
31.6228,1.5,0,-0.020521270746415868
31.6228,2.0,0,-0.027399654795547953
31.6228,2.5,0,-0.03431713617242381
31.6228,3.0,0,-0.04127587715952166
31.6228,3.5,0,-0.04828688482949841
31.6228,4.0,0,-0.05536253990710885
31.6228,4.5,0,-0.06250914859606768
31.6228,5.0,0,-0.069737582488186
31.6228,5.5,0,-0.07706014834395596
31.6228,6.0,0,-0.08448510698590322
31.6228,6.5,0,-0.09202775848084864
31.6228,7.0,0,-0.09969807029311817
31.6228,7.5,0,-0.10750913619299261
31.6228,8.0,0,-0.11547516578999142
31.6228,8.5,0,-0.12361094025880806
31.6228,9.0,0,-0.13193227164314036
31.6228,9.5,0,-0.14045614071945706
31.6228,10.0,0,-0.14920084396849684
31.6228,10.5,0,-0.15818615582948847
31.6228,11.0,0,-0.16743352202924164
31.6228,11.5,0,-0.17696626916553476
31.6228,12.0,0,-0.18680985140758397
31.6228,12.5,0,-0.19699213970312113
31.6228,13.0,0,-0.20754373851130642
31.6228,13.5,0,-0.21849837085911622
31.6228,14.0,0,-0.22989331406264818
31.6228,14.5,0,-0.2417699139423667
31.6228,15.0,0,-0.25417419198207847
31.6228,15.5,0,-0.26715754841039563
31.6228,16.0,0,-0.28077761248200056
31.6228,16.5,0,-0.29509923435877666
31.6228,17.0,0,-0.31019569070882513
31.6228,17.5,0,-0.326150123013701
31.6228,18.0,0,-0.34305621696666927
31.6228,18.5,0,-0.36102565585678026
31.6228,19.0,0,-0.380180060850497
31.6228,19.5,0,-0.4006648645149908
31.6228,20.0,0,-0.4226479618150031
31.6228,20.5,0,-0.44632578103277865
31.6228,21.0,0,-0.4719295844921594
31.6228,21.5,0,-0.4997335019356103
31.6228,22.0,0,-0.530064861869456
31.6228,22.5,0,-0.5633175952284603
31.6228,23.0,0,-0.5999698275328521
31.6228,23.5,0,-0.6406072115736894
31.6228,24.0,0,-0.6859542285728171
31.6228,24.5,0,-0.7369166917710757
